Neighbourhood ID,Neighbourhood,n_properties,avall_public,median_assessvalue,sd_assessedvalue,median_yearbuilt,pct_with_unit,avg_assessvalue_without_unit,avg_lotsize,suppressed,yoy_pct_change
1010,ALBERTA AVENUE,2289,284745.9589340327,264000,90340.55983050787,1943,6.509392747924858,281055.6074766355,384.039426635514,FALSE,8.41889117043121
1020,BOYLE STREET,1077,170430.36211699137,103500,591299.0061405369,1981,93.87186629526462,707219.6969696968,497.2472727272728,FALSE,38.92617449664429
1030,CENTRAL MCDOUGALL,956,171270.3974895395,108500,185151.07557801352,1978,88.17991631799164,427818.58407079644,688.0883628318584,FALSE,12.435233160621761
1070,CROMDALE,705,210263.82978723355,128000,240830.77071777274,1979,78.58156028368795,573072.8476821191,552.1288940397351,FALSE,13.777777777777779
1080,DELTON,735,323876.1904761905,306500,102103.99833469285,1953,3.537414965986395,322666.4315937941,524.1339619181946,FALSE,10.849909584086799
1090,DOWNTOWN,5722,243674.67668647767,214500,200284.6474049631,2003,99.860188745194,397437.5,359.557125,FALSE,152.35294117647058
1100,EASTWOOD,1050,282896.6666666669,279000,123811.19169938678,1969,22.952380952380953,316216.3164400493,519.2649456118664,FALSE,12.048192771084338
1111,BLATCHFORD AREA,415,381021.68674698926,156000,297756.2116998466,2024,8.19277108433735,380082.6771653551,240.1312283464567,FALSE,-72.85776424532405
1120,EDMONTON NORTHLANDS,11,NA,NA,NA,NA,NA,NA,NA,TRUE,NA
1130,ELMWOOD PARK,395,305275.9493670887,328500,134701.9074167969,1960,16.20253164556962,350820.2416918429,676.4115528700906,FALSE,16.592724046140194
1140,MCCAULEY,816,284188.72549019626,253500,395332.1232228296,1947,10.049019607843137,288464.5776566757,363.8584128065395,FALSE,6.7368421052631575
1151,WÎHKWÊNTÔWIN,7475,216063.41137124083,166500,190611.6073237302,1979,98.06020066889633,581234.4827586206,295.5493310344827,FALSE,42.91845493562232
1160,PARKDALE,1431,247770.09084556258,248500,108443.58966661854,1955,30.398322851153043,286096.38554216875,411.19691666666665,FALSE,13.211845102505695
1170,PRINCE RUPERT,476,336738.4453781515,374250,152435.7064570232,1953,24.369747899159663,407619.44444444444,585.1399444444445,FALSE,10.398230088495575
1180,QUEEN MARY PARK,2117,213501.4170996691,179500,148059.33563759644,1992,81.34152102031176,451310.1265822785,757.9583696202532,FALSE,60.98654708520179
1190,RIVER VALLEY KINNAIRD,1,NA,NA,NA,NA,NA,NA,NA,TRUE,NA
1210,RIVERDALE,865,537819.6531791905,485500,443117.38013337797,2002,36.1849710982659,655599.6376811592,511.3869764492753,FALSE,24.56703014753047
1220,ROSSDALE,356,516313.2022471908,494750,280435.24686523376,1993,35.674157303370784,647244.541484716,317.5988864628821,FALSE,28.50649350649351
1230,SPRUCE AVENUE,537,342364.9906890129,337000,127452.36132135746,1949,17.318435754189945,362860.3603603604,588.5383378378378,FALSE,12.146422628951747
1240,VIRGINIA PARK,206,452859.2233009706,387000,294917.9540099967,1951,11.165048543689322,498300.54644808755,484.0054153005464,FALSE,6.464924346629987
1250,WESTWOOD,680,319405.88235294144,320750,175689.00960205038,1968,32.64705882352941,402049.1266375547,573.8683646288209,FALSE,15.377697841726617
2010,ABBOTTSFIELD,376,169148.93617021278,165500,10637.438234771642,1972,100,NA,NA,FALSE,10.702341137123746
2020,BALWIN,1238,307486.2681744749,332000,99151.3433987867,1963,8.319870759289175,320040.52863436134,535.5263066079295,FALSE,12.925170068027212
2030,BANNERMAN,1151,257951.34665508298,233000,119370.44560094252,1978,51.52041702867072,367206.98924731184,562.1281738351254,FALSE,10.688836104513063
2040,BEACON HEIGHTS,1131,301284.2617152961,305000,89973.83031452942,1959,7.427055702917771,315355.300859599,563.9176313276026,FALSE,11.313868613138686
2050,BELLE RIVE,1268,483452.6813880122,500750,133056.72058399644,1999,14.74763406940063,511315.44865864917,534.3000120259019,FALSE,5.254860746190226
2060,BELLEVUE,470,383619.1489361701,341000,140882.11911930863,1948,0,383619.1489361701,476.98466808510636,FALSE,1.337295690936107
2070,BELMONT,1653,309104.3557168785,316000,106058.88950941472,1976,37.99153055051422,374003.4146341463,517.4328897560976,FALSE,24.777887462981244
2080,BELVEDERE,1757,231436.53955606063,266500,129561.08811970169,1970,48.94706886738759,331739.1304347826,554.8092552954292,FALSE,32.917705735660846
2090,BERGMAN,636,354652.5157232705,362750,118119.34246569147,1985,7.3899371069182385,365890.49235993205,584.1809303904923,FALSE,7.005899705014749
2100,BEVERLY HEIGHTS,1219,352334.2904019688,336000,102168.54786555718,1959,0.4922067268252666,352897.77411376743,563.6096784830997,FALSE,9.446254071661238
2110,BRINTNELL,1757,470994.3084803645,474500,81359.0321280817,2006,7.285145133750712,484543.8919582569,420.82065500306936,FALSE,4.400440044004401
2120,CANON RIDGE,938,231432.30277185488,220000,92495.84173194594,2004,81.87633262260128,382358.82352941175,553.3709823529412,FALSE,47.651006711409394
2130,CASSELMAN,1196,283175.1672240807,204250,260872.8181328169,1977,71.48829431438128,490941.34897360706,720.713348973607,FALSE,15.722379603399434
2145,CLAREVIEW TOWN CENTRE,1645,223184.4984802433,171500,106170.57717012281,2006,89.54407294832826,426558.1395348837,412.16501744186047,FALSE,19.09722222222222
2160,CLOVER BAR AREA,31,NA,NA,NA,NA,NA,NA,NA,TRUE,NA
2230,DELWOOD,1359,356026.49006622547,367000,85131.88480397966,1966,3.237674760853569,361534.22053231933,574.3800281368822,FALSE,11.634980988593156
2241,EAUX CLAIRES,1422,354172.99578059226,344750,181679.98937246797,2003,45.639943741209564,487637.7749029756,585.5742742561451,FALSE,92.32914923291492
2251,EBBERS,517,409882.97872340464,430000,164063.4813456823,2017,29.013539651837522,496903.26975476847,354.75175204359675,FALSE,100.46620046620048
2260,EVANSDALE,1587,314079.3950850658,368500,128059.12439915581,1972,27.977315689981097,383296.5879265093,601.5049772528434,FALSE,5.587392550143266
2280,FRASER,1628,419209.15233415115,380500,245857.40808401757,1984,21.62162162162162,492983.54231974896,520.8603879310346,FALSE,12.74074074074074
2290,GLENGARRY,1159,312589.3011216567,355000,106086.8538463191,1962,14.49525452976704,341304.2381432897,495.18837840565084,FALSE,16.58456486042693
2311,GORMAN,145,494089.6551724141,545500,377958.7475145892,2024,0,494089.6551724141,4924.770068965518,FALSE,71.81102362204724
2320,HAIRSINE,825,244508.48484848518,202500,92904.44864701261,1979,64.72727272727272,358393.470790378,633.4478969072164,FALSE,11.878453038674033
2330,HIGHLANDS,1142,496310.8581436074,435500,242257.53556223234,1950,2.276707530647986,505153.225806451,559.5259130824372,FALSE,2.5912838633686692
2340,HOLLICK-KENYON,1854,435382.1467098156,449750,126808.02509639686,2004,12.998921251348436,467867.3279603224,458.08863918164906,FALSE,7.083333333333333
2350,HOMESTEADER,1016,309170.76771653583,326750,432575.7675844568,1975,36.51574803149607,377122.480620155,1113.5060697674421,FALSE,6.346623270951994
2360,INDUSTRIAL HEIGHTS,3,NA,NA,NA,NA,NA,NA,NA,TRUE,NA
2380,KENNEDALE INDUSTRIAL,4,NA,NA,NA,NA,NA,NA,NA,TRUE,NA
2390,KERNOHAN,1138,336151.58172231977,340500,98863.24475174471,1978,34.00702987697715,381401.4647137151,559.0555392809587,FALSE,6.074766355140187
2400,KILDARE,957,290500.5224660391,354500,116059.4109588347,1968,31.347962382445143,358237.44292237447,545.549700152207,FALSE,9.41358024691358
2410,KILKENNY,1599,343821.45090681664,376000,110906.80748416261,1969,17.636022514071296,385763.85725132865,564.8975170842824,FALSE,5.766526019690577
2420,KILLARNEY,860,354524.4186046512,352500,90310.903862556,1960,1.5116279069767442,355817.59149940975,612.1550826446281,FALSE,10.070257611241217
2430,KIRKNESS,1291,334874.51587916387,341000,182952.96589533935,1987,30.983733539891556,391635.8024691357,480.77988103254773,FALSE,5.736434108527131
2440,KLARVATTEN,2272,464453.5651408454,456500,127057.71900637439,2005,13.204225352112676,489777.3833671401,426.15132657200814,FALSE,7.033997655334115
2450,LAGO LINDO,1374,389447.23435225605,391250,90828.60019626483,1983,8.078602620087336,405151.6231195566,543.2054916864608,FALSE,5.033557046979865
2462,CRYSTALLINA NERA EAST,758,455186.01583113405,498250,554977.221463327,2024,0,455186.01583113405,736.2165620052765,FALSE,9.026258205689278
2463,CRYSTALLINA NERA WEST,1403,474454.7398431937,478000,175763.5479971621,2017,31.361368496079827,561537.9023883697,467.5802357217031,FALSE,10.392609699769054
2500,MATT BERRY,1313,469004.18888042716,493500,187247.92654702318,1997,13.861386138613863,505358.09018567635,593.2525349248452,FALSE,6.357758620689655
2511,MAYLIEWAN,1256,517892.11783439445,509500,97040.07112506367,1999,2.7070063694267517,520836.33387888724,554.8289214402619,FALSE,7.03781512605042
2522,MCCONACHIE,3703,482801.78233864455,490000,159004.43236148727,2015,15.473940048609236,527949.840255591,391.4332153354633,FALSE,8.167770419426049
2530,MCLEOD,881,398975.5959137345,382000,69823.00859146503,1969,0,398975.5959137345,622.2698626560726,FALSE,11.046511627906977
2541,MILLER,1025,389689.75609756046,413000,111155.2038292375,2002,36.58536585365854,459150.7692307694,505.139983076923,FALSE,11.17092866756393
2550,MONTROSE,1155,283744.15584415593,275500,97627.55575669186,1953,9.61038961038961,295382.1839080459,460.2488505747126,FALSE,10.642570281124499
2560,NEWTON,1153,336117.5195143104,333000,100760.63290883543,1959,4.943625325238508,346633.66788321186,517.9921906934306,FALSE,11.464435146443515
2580,NORTHMOUNT,1087,346231.83072677,381500,104512.66843059406,1971,23.367065317387304,394650.6602641057,615.3041452581033,FALSE,7.84452296819788
2590,OVERLANDERS,453,360391.8322295805,369000,288290.188426305,1978,31.346578366445915,421810.2893890676,623.9165594855306,FALSE,5.730659025787966
2600,OZERNA,1431,456167.01607267704,462000,148475.5473808431,1997,14.046121593291405,497947.1544715441,545.2424349593496,FALSE,4.1713641488162345
2611,CY BECKER,1543,496820.15554115415,511000,154139.88446827367,2019,13.415424497731692,535606.28742515,375.28264446107784,FALSE,2.148925537231384
2630,RIVER VALLEY HERMITAGE,63,NA,NA,NA,NA,NA,NA,NA,TRUE,NA
2640,RIVER VALLEY HIGHLANDS,5,NA,NA,NA,NA,NA,NA,NA,TRUE,NA
2660,RUNDLE HEIGHTS,980,256977.0408163262,313250,143484.9567818695,1971,41.734693877551024,355218.0385288965,567.4312451838879,FALSE,6.911262798634812
2670,RURAL NORTH EAST HORSE HILL,69,NA,NA,NA,NA,NA,NA,NA,TRUE,NA
2671,MARQUIS,800,412228.75,329000,1270222.1569802396,2024,0,412228.75,4221.016102499999,FALSE,3.622047244094488
2681,EDMONTON ENERGY AND TECHNOLOGY PARK,99,NA,NA,NA,NA,NA,NA,NA,TRUE,NA
2690,RURAL NORTH EAST SOUTH STURGEON,53,NA,NA,NA,NA,NA,NA,NA,TRUE,NA
2692,QUARRY RIDGE,497,613410.462776659,680000,533285.6610688121,2007,0,613410.462776659,1848.542414486922,FALSE,-10.761154855643044
2700,SCHONSEE,1844,480860.62906724674,502250,236246.43951896532,2014,31.127982646420826,571005.1181102359,490.4357322834646,FALSE,27.961783439490446
2710,SIFTON PARK,405,316856.7901234568,354000,93564.43607264454,1976,29.629629629629626,368364.91228070174,627.9887824561404,FALSE,5.200594353640416
2720,YORK,1110,319748.64864864835,344000,98632.3970620255,1967,19.00900900900901,351784.2046718574,549.9381334816462,FALSE,8.860759493670885
3010,ATHLONE,1140,354014.0350877191,352000,98316.10463939747,1993,11.228070175438596,365945.158102767,522.1621581027669,FALSE,6.990881458966565
3020,BARANOW,663,225359.7285067873,202500,90933.4810061839,2009,100,NA,NA,FALSE,1925
3030,BATURYN,1632,371689.9509803924,390000,317866.4746673851,1978,23.651960784313726,418201.8459069021,591.0112728731942,FALSE,12.879884225759769
3040,BEAUMARIS,1516,392425.4617414246,424250,199606.7860265264,1983,41.49076517150396,501698.4216459979,644.7945546786922,FALSE,17.84722222222222
3060,CAERNARVON,1429,319593.0720783762,364500,108462.25937934993,1975,33.65990202939118,383579.641350211,558.641799578059,FALSE,6.423357664233577
3070,CALDER,1402,328163.6947218258,321500,113869.96284491429,1959,7.917261055634807,338515.1045701007,530.885599535244,FALSE,14.00709219858156
3080,CANOSSA,1041,458630.64361191157,466500,69917.93769834189,2003,8.549471661863594,474483.718487395,420.9285273109244,FALSE,4.596412556053812
3090,CARLISLE,1095,352923.7442922378,367000,315809.9036302375,1978,25.205479452054796,397920.63492063485,555.3949731379731,FALSE,7.624633431085044
3111,GRIESBACH,2403,517852.47607157746,484000,250344.10785298265,2015,35.33083645443196,616013.8352638356,402.6594897039897,FALSE,24.102564102564102
3120,CHAMBERY,785,634641.4012738864,571000,201842.2402005001,2005,0,634641.4012738864,526.4462904458599,FALSE,1.511111111111111
3140,CRESTWOOD,926,1033786.7170626337,747750,1007606.5913041601,1964,6.263498920086392,1076487.327188941,764.7837926267281,FALSE,8.369565217391305
3150,CUMBERLAND,1983,427813.41401916376,446500,112710.5596826192,2002,12.859304084720122,464759.2592592592,433.717,FALSE,7.202881152460984
3170,DOVERCOURT,763,387979.6854521626,382000,81722.35849580057,1954,0,387979.6854521626,643.3391349934469,FALSE,11.046511627906977
3180,DUNLUCE,1825,338780,378500,108409.68990928841,1979,28.27397260273973,397790.67990832706,584.1146447669977,FALSE,9.077809798270893
3190,ELSINORE,940,485414.89361702144,496000,112280.6852517669,1998,18.29787234042553,515240.8854166666,537.6814023437499,FALSE,6.32368703108253
3200,GLENORA,1565,833478.9137380213,707000,657894.0143229298,1969,23.19488817891374,1013286.1896838596,673.7927537437604,FALSE,2.352515381831343
3210,GROVENOR,1037,520098.84281581506,451000,256161.58163548942,1964,12.439729990356799,542399.2290748897,549.1067169603524,FALSE,9.866017052375152
3220,HAGMANN ESTATE INDUSTRIAL,4,NA,NA,NA,NA,NA,NA,NA,TRUE,NA
3240,INGLEWOOD,1514,380207.3976221932,396000,217823.65193537442,1969,30.449141347424042,476251.6619183292,526.5860294396961,FALSE,12.340425531914894
3250,KENSINGTON,1378,336621.1901306236,353000,90906.10509096264,1962,17.053701015965167,355824.5844269466,599.0075048118985,FALSE,10.14040561622465
3260,LAUDERDALE,812,336825.7389162561,335250,180481.98960617368,1960,3.0788177339901477,340512.70648030506,587.9501143583227,FALSE,11.378737541528238
3270,LAURIER HEIGHTS,1020,828163.725490195,730500,522149.2931672856,1961,0.19607843137254902,828351.1787819244,745.7720137524558,FALSE,4.357142857142858
3280,LORELEI,1295,336533.20463320386,377500,117390.17219830939,1976,32.89575289575289,401979.28653624863,586.6192658227848,FALSE,8.399138549892319
3300,MCQUEEN,469,422245.20255863544,429000,149321.71645023633,1955,7.036247334754798,447288.9908256881,597.3633899082569,FALSE,11.067961165048544
3310,NORTH GLENORA,735,494618.3673469388,453500,159231.29673870976,1953,0,494618.3673469388,616.3289238095239,FALSE,3.6571428571428575
3320,OXFORD,1389,464733.6213102952,467000,131136.99729838155,2003,19.222462203023756,509094.0285204993,568.7019135472372,FALSE,7.17154331612163
3330,PARKVIEW,1427,856742.1163279602,633000,807211.7456487672,1959,0.8409250175192713,861508.8339222586,662.3460028268553,FALSE,3.262642740619902
3340,PEMBINA,498,229269.07630522078,201000,77869.2662305864,2006,100,NA,NA,FALSE,2015.7894736842106
3350,PRINCE CHARLES,591,389027.0727580371,349500,161360.67646701066,1960,16.920473773265652,399583.50305499,550.7578818737271,FALSE,13.93643031784841
3360,RAMPART INDUSTRIAL,7,NA,NA,NA,NA,NA,NA,NA,TRUE,NA
3381,RIVER VALLEY GLENORA,2,NA,NA,NA,NA,NA,NA,NA,TRUE,NA
3390,ROSSLYN,1013,346258.6377097732,357000,91643.49876844393,1961,0.6910167818361304,346544.2345924454,559.5381143141153,FALSE,13.694267515923567
3410,SHERBROOKE,928,314953.66379310435,363000,145480.41163658223,1954,23.70689655172414,386661.7231638418,644.1224025423729,FALSE,9.172932330827068
3430,WELLINGTON,999,351438.4384384385,366000,94877.50231142083,1959,2.902902902902903,359342.268041237,580.1439103092783,FALSE,15.548539857932123
3440,WESTMOUNT,2654,429168.99020346376,416750,306477.6788664756,1979,48.45516201959307,642150.2192982453,544.9929320175438,FALSE,76.21564482029598
3450,WOODCROFT,693,389996.3924963928,415000,120437.17176378083,1955,23.232323232323232,439896.61654135335,639.8800037593985,FALSE,12.466124661246612
3460,ALBANY,582,398334.1924398633,323500,213459.2281487891,2013,60.30927835051546,641777.0562770562,468.66822510822516,FALSE,82.25352112676056
3470,CARLTON,1795,466701.6713091926,478000,158862.9626796743,2010,24.233983286908078,528175,474.4093441176471,FALSE,4.70974808324206
3480,HUDSON,904,450334.0707964604,473000,216212.65861129525,2005,24.336283185840706,533621.3450292399,554.2299926900583,FALSE,4.81994459833795
3490,GOODRIDGE CORNERS,120,340370.83333333326,174750,1366846.3218773196,1968,0,340370.83333333326,13841.60653333333,FALSE,NA
4011,ANTHONY HENDAY,26,NA,NA,NA,NA,NA,NA,NA,TRUE,NA
4012,ANTHONY HENDAY SOUTH WEST,20,NA,NA,NA,NA,NA,NA,NA,TRUE,NA
4013,ANTHONY HENDAY TERWILLEGAR,9,NA,NA,NA,NA,NA,NA,NA,TRUE,NA
4014,ANTHONY HENDAY SOUTH,16,NA,NA,NA,NA,NA,NA,NA,TRUE,NA
4015,ANTHONY HENDAY MISTATIM,14,NA,NA,NA,NA,NA,NA,NA,TRUE,NA
4016,ANTHONY HENDAY CASTLEDOWNS,9,NA,NA,NA,NA,NA,NA,NA,TRUE,NA
4017,ANTHONY HENDAY LAKE DISTRICT,13,NA,NA,NA,NA,NA,NA,NA,TRUE,NA
4018,ANTHONY HENDAY BIG LAKE,15,NA,NA,NA,NA,NA,NA,NA,TRUE,NA
4019,ANTHONY HENDAY ENERGY PARK,12,NA,NA,NA,NA,NA,NA,NA,TRUE,NA
4020,ALDERGROVE,1594,368047.36511919735,419500,220724.72321025113,1976,30.61480552070264,449014.4665461121,645.365040687161,FALSE,7.564102564102564
4021,ANTHONY HENDAY HORSE HILL,12,NA,NA,NA,NA,NA,NA,NA,TRUE,NA
4022,ANTHONY HENDAY CLAREVIEW,3,NA,NA,NA,NA,NA,NA,NA,TRUE,NA
4023,ANTHONY HENDAY RAMPART,13,NA,NA,NA,NA,NA,NA,NA,TRUE,NA
4024,ANTHONY HENDAY SOUTH BLACKBURNE,14,NA,NA,NA,NA,NA,NA,NA,TRUE,NA
4040,BELMEAD,1349,368704.59599703434,394000,257987.86722947817,1977,38.39881393624907,455194.3441636583,701.4256799037305,FALSE,3.820816864295125
4060,BRITANNIA YOUNGSTOWN,1465,286364.163822526,324500,137711.91312593018,1970,38.36177474402731,363020.48726467334,582.428673311185,FALSE,4.67741935483871
4070,CALLINGWOOD NORTH,799,228632.04005006226,204500,380222.3896137988,1974,83.85481852315394,466182.1705426356,700.953527131783,FALSE,21.005917159763314
4080,CALLINGWOOD SOUTH,1286,184467.72939346815,171500,59357.01788822885,1988,100,NA,NA,FALSE,24.27536231884058
4090,CANORA,1086,283582.8729281771,302000,157305.03415628243,1973,41.988950276243095,370465.8730158729,491.0729238095238,FALSE,9.818181818181818
4110,DECHENE,598,523673.9130434782,524000,55604.74464052945,1987,11.20401337792642,531497.175141243,613.6743352165726,FALSE,6.720977596741344
4120,DONSDALE,607,822473.6408566715,753500,663300.944419956,2005,32.45469522240527,1010240.2439024398,846.6552853658538,FALSE,4.14651002073255
4140,ELMWOOD,782,375928.3887468029,386500,85315.08213171863,1964,4.475703324808184,388914.9933065596,550.5997911646587,FALSE,7.361111111111112
4160,GARIEPY,746,496456.4343163547,529750,182710.18726117542,1979,20.10723860589812,548924.496644295,627.1063825503355,FALSE,4.281496062992126
4180,GLENWOOD,1694,308631.64108618733,332500,152908.0389195943,1971,43.09327036599764,408897.82157676335,630.8065446058091,FALSE,31.03448275862069
4200,HIGH PARK,635,402760.62992126,381000,115821.71532544096,1962,4.566929133858268,402600.6600660065,605.3891699669967,FALSE,13.392857142857142
4220,JAMIESON PLACE,1385,464132.12996389956,470000,87091.72013985898,1991,9.458483754512635,470437.0015948961,499.2945805422647,FALSE,4.793756967670011
4230,JASPER PARK,626,354234.02555910574,372250,141837.92139061028,1962,24.121405750798722,409975.78947368404,629.5885431578947,FALSE,8.845029239766083
4240,LA PERLE,1643,350003.6518563601,353000,446047.21821329155,1982,39.19659160073037,453917.91791791754,589.9449379379379,FALSE,4.747774480712167
4270,LYMBURN,2072,350066.11969112017,381500,107908.98292382996,1982,26.3996138996139,404467.5409836068,486.8877259016393,FALSE,5.678670360110803
4280,LYNNWOOD,781,461411.01152368763,450500,77828.12725108712,1959,0,461411.01152368763,589.852614596671,FALSE,11.786600496277917
4290,MAYFIELD,876,325014.8401826483,337000,95059.61622403139,1958,10.844748858447488,349275.9282970551,562.5176402048655,FALSE,6.141732283464567
4310,MEADOWLARK PARK,1199,371458.298582152,400000,94661.8064926664,1961,24.27022518765638,416305.61674008815,574.5568370044053,FALSE,13.154172560113153
4320,MISTATIM INDUSTRIAL,1,NA,NA,NA,NA,NA,NA,NA,TRUE,NA
4360,OLESKIW,1082,873317.0055452848,762250,485024.1759112705,1989,8.040665434380777,881268.3417085443,813.8827095477387,FALSE,6.385205861828331
4380,ORMSBY PLACE,1759,378715.74758385675,413500,161445.63407219716,1978,40.81864695849915,501104.2267050905,626.1091037463976,FALSE,5.754475703324808
4390,PATRICIA HEIGHTS,443,595395.0338600453,539500,537228.3526315499,1969,24.37923250564334,742934.3283582086,912.0806119402987,FALSE,5.680705190989226
4420,QUESNELL HEIGHTS,132,1090204.5454545456,898000,755040.5655007553,1970,0,1090204.5454545456,1206.2913257575758,FALSE,4.327621260528609
4430,RIO TERRACE,517,702054.1586073507,549000,548576.2385512347,1961,0,702054.1586073507,760.2064700193423,FALSE,4.671115347950429
4440,RIVER VALLEY LESSARD NORTH,1,NA,NA,NA,NA,NA,NA,NA,TRUE,NA
4451,RIVER VALLEY OLESKIW,4,NA,NA,NA,NA,NA,NA,NA,TRUE,NA
4461,THE HAMPTONS,3973,469319.78353888687,476500,163769.87434646743,2007,22.678077019884217,528140.13671875,434.0928232421875,FALSE,14.543269230769232
4462,EDGEMONT,3516,500859.4994311715,493500,354804.4830906974,2020,6.427758816837315,510169.1489361669,792.8212009118553,FALSE,6.129032258064516
4463,RIVERVIEW AREA,149,1033241.6107382551,914000,533848.0829686287,1991,0,1033241.6107382551,30708.676342281873,FALSE,1.6120066703724294
4464,THE UPLANDS,2044,472232.6320939312,464500,377280.06344342476,2022,3.522504892367906,475438.38742393715,684.4149944219056,FALSE,3.2222222222222223
4466,CAMERON HEIGHTS,797,914631.7440401486,702000,549509.3925000953,2011,5.018820577164367,927114.9273447808,729.7229167767504,FALSE,8.584686774941995
4467,RIVER VALLEY CAMERON,1,NA,NA,NA,NA,NA,NA,NA,TRUE,NA
4468,STILLWATER,1486,388147.3755047089,378750,439202.6941500497,2022,0,388147.3755047089,960.4780982503366,FALSE,0.1984126984126984
4469,RIVER'S EDGE,971,398005.6642636444,232500,862123.4451989442,2024,0,398005.6642636444,2507.35084037075,FALSE,-50.42643923240938
4471,TRUMPETER AREA,1278,522410.01564945176,508500,263579.0521272162,2017,8.763693270735525,535909.5197255568,1469.159587478559,FALSE,0.842835894893406
4473,HAWKS RIDGE,697,518805.595408896,547500,291328.13541265513,2018,17.216642754662843,561688.9081455807,1723.1377469670722,FALSE,0.2288329519450801
4474,STARLING,948,534020.5696202536,555250,242273.0866614734,2017,8.438818565400844,551336.4055299542,909.539853686636,FALSE,3.591417910447761
4475,KINOKAMAU PLAINS AREA,59,NA,NA,NA,NA,NA,NA,NA,TRUE,NA
4477,KINGLET GARDENS,1207,447961.0604805288,471500,425117.07164245815,2023,0,447961.0604805288,1365.0888135874065,FALSE,4.4296788482834994
4478,PINTAIL LANDING,8,NA,NA,NA,NA,NA,NA,NA,TRUE,NA
4486,STEWART GREENS,457,551582.0568927792,534000,184051.98167376698,2017,0,551582.0568927792,751.05320131291,FALSE,3.1884057971014492
4487,SECORD,4059,483647.69647696347,503000,138319.22110127195,2019,19.561468341956147,530654.2113323116,360.1449203675344,FALSE,4.682622268470343
4500,SHERWOOD,461,379750.54229934944,367000,180892.3972274823,1966,20.17353579175705,441123.64130434796,612.1315951086957,FALSE,17.72253408179631
4520,SUMMERLEA,588,344827.3809523812,348750,269788.9348829792,1981,48.46938775510204,463927.392739274,554.230396039604,FALSE,28.927911275415894
4530,SUNWAPTA INDUSTRIAL,1,NA,NA,NA,NA,NA,NA,NA,TRUE,NA
4540,TERRA LOSA,1189,229893.6080740117,205000,84270.56938714009,1995,100,NA,NA,FALSE,34.42622950819672
4551,GRANVILLE,998,572230.460921844,588750,192482.1827234562,2014,20.741482965931866,638654.2351453855,499.9815309734513,FALSE,16.35375494071146
4560,THORNCLIFF,736,321745.24456521723,367000,113842.44682210364,1973,40.89673913043478,397111.4942528736,635.534908045977,FALSE,7.941176470588235
4570,WEDGEWOOD HEIGHTS,521,746602.6871401154,609000,440776.29127971927,1993,0,746602.6871401154,906.0277619961613,FALSE,3.307888040712468
4580,WEST JASPER PLACE,738,382173.4417344168,396250,211038.99881853862,1977,24.525745257452574,471991.921005386,632.4614003590664,FALSE,9.084652443220923
4590,WEST MEADOWLARK PARK,1065,290238.96713614877,322500,133961.81644024453,1965,47.136150234741784,409361.4564831261,534.2867744227353,FALSE,15.591397849462366
4610,WESTRIDGE,526,682909.6958174905,648000,321213.9961979102,1976,7.984790874524715,694103.3057851243,812.306152892562,FALSE,6.666666666666667
4620,WESTVIEW VILLAGE,3,NA,NA,NA,NA,NA,NA,NA,TRUE,NA
4630,WHITE INDUSTRIAL,3,NA,NA,NA,NA,NA,NA,NA,TRUE,NA
4650,WINTERBURN INDUSTRIAL AREA EAST,1,NA,NA,NA,NA,NA,NA,NA,TRUE,NA
4670,WINTERBURN INDUSTRIAL AREA WEST,4,NA,NA,NA,NA,NA,NA,NA,TRUE,NA
4700,BRECKENRIDGE GREENS,767,412215.1238591918,471500,146492.06888485837,2001,35.853976531942635,504446.13821138197,520.4646768292683,FALSE,126.13908872901678
4710,POTTER GREENS,572,600255.2447552447,596000,97058.15717584385,1997,17.132867132867133,604588.6075949366,797.7568776371309,FALSE,6.953790937640197
4720,GLASTONBURY,2509,419868.473495413,439500,161927.99903818173,2003,43.76245516141889,526947.200566974,466.7469355067328,FALSE,19.429347826086957
4730,SUDER GREENS,1048,471042.4618320609,476500,130945.67273372241,2005,18.12977099236641,516434.73193473206,450.3661596736597,FALSE,13.587604290822409
4740,WEBBER GREENS,978,548730.5725971371,506750,143401.7170835735,2013,13.394683026584866,555406.1393152301,432.99021251475796,FALSE,6.796628029504742
4750,ROSENTHAL,2769,508847.23726977105,502000,352666.4320751722,2018,13.181654026724448,534622.9201331093,607.7805378535777,FALSE,10.816777041942604
5010,ALLENDALE,954,511102.7253668766,464000,177697.77841679542,1959,6.918238993710692,516068.1306306305,457.7130213963964,FALSE,4.6223224351747465
5020,ASPEN GARDENS,684,628326.7543859661,621000,436766.32139254303,1966,20.321637426900587,748914.6788990826,652.6838532110091,FALSE,7.859313938341293
5030,BEARSPAW,846,485061.4657210401,469000,144483.53565538966,1984,30.49645390070922,538187.9251700683,642.8386887755101,FALSE,7.077625570776255
5040,BELGRAVIA,1016,784281.0039370082,697750,435680.22125802824,1992,25.196850393700785,916070.3947368424,640.6303763157894,FALSE,9.493919183993723
5050,BLACKMUD CREEK RAVINE,2,NA,NA,NA,NA,NA,NA,NA,TRUE,NA
5060,BLUE QUILL,1087,367488.04047838104,393000,189662.41174186434,1979,50.0459981600736,528813.0755064456,655.1446261510129,FALSE,24.96025437201908
5070,BLUE QUILL ESTATES,361,610018.0055401663,651500,315178.3716007492,1979,26.59279778393352,734658.4905660378,756.7757056603773,FALSE,11.177474402730375
5080,BRANDER GARDENS,893,413979.8432250838,231500,525412.1755247598,1973,64.05375139977603,786105.9190031156,1070.114953271028,FALSE,12.926829268292684
5090,BROOKSIDE,619,699582.3909531502,627000,417236.634367539,1971,0,699582.3909531502,829.2555525040389,FALSE,3.80794701986755
5100,BULYEA HEIGHTS,1283,701210.8339828529,690000,204745.86568699888,1990,16.913484021823848,751264.5403377108,711.6185816135085,FALSE,10.754414125200643
5130,CARTER CREST,623,611823.4349919744,627000,181278.48740692317,1995,28.892455858747994,695150.1128668173,656.7214853273138,FALSE,6.63265306122449
5151,STRATHCONA JUNCTION,1,NA,NA,NA,NA,NA,NA,NA,TRUE,NA
5160,DUGGAN,1202,440282.86189683835,465000,107565.93093485036,1971,10.232945091514143,469145.04170528264,623.7889564411493,FALSE,6.043329532497149
5170,EMPIRE PARK,997,206923.2698094281,173500,77590.27570304878,1983,86.15847542627884,369500,434.84884782608697,FALSE,15.282392026578073
5180,ERMINESKIN,1508,275252.98408488056,239500,121750.2045185674,1982,77.05570291777188,449835.260115607,570.9134913294797,FALSE,99.58333333333333
5190,FALCONER HEIGHTS,612,565150.3267973859,585500,176795.56823032413,1997,25.98039215686275,639576.1589403974,639.6636843267108,FALSE,5.211141060197664
5200,GARNEAU,2104,378035.64638783294,320500,367353.7732682713,1981,71.43536121673004,683971.713810316,373.8663677204659,FALSE,62.278481012658226
5210,GRANDVIEW HEIGHTS,386,1030452.0725388601,940500,514053.6781899615,1965,0,1030452.0725388601,794.508378238342,FALSE,3.693495038588754
5220,GREENFIELD,1394,502938.30703012965,503250,108156.85876504306,1967,0,502938.30703012965,599.2766972740316,FALSE,6.170886075949367
5230,HENDERSON ESTATES,623,795112.3595505615,709000,287138.31894038303,1990,3.6918138041733553,805819.1666666666,741.7581833333334,FALSE,2.382671480144404
5250,KEHEEWIN,1207,341989.2294946137,329000,173243.58291591957,1983,47.39022369511185,481236.22047244105,611.664325984252,FALSE,9.12106135986733
5260,LANSDOWNE,385,704296.1038961039,715500,318936.5048491717,1967,6.233766233766234,744344.8753462606,760.9286011080333,FALSE,8.327024981074944
5270,LENDRUM PLACE,645,535579.0697674421,540000,180521.52693951564,1963,2.7906976744186047,548080.5422647527,583.6002185007975,FALSE,9.31174089068826
5280,MALMO PLAINS,756,459147.4867724868,478000,182251.1305217522,1965,13.095238095238097,492991.6286149163,582.7098112633181,FALSE,5.6353591160221
5290,MCKERNAN,919,686241.5669205659,609500,260365.12169019302,1965,4.243743199129488,694303.4090909092,482.9232784090909,FALSE,5.541125541125541
5300,OGILVIE RIDGE,363,770185.950413223,759000,288742.088448918,1989,17.90633608815427,846870.8053691275,796.9350402684564,FALSE,8.428571428571429
5310,PARKALLEN,894,547587.2483221474,500250,265396.919450867,1954,14.093959731543624,595787.109375,553.87266796875,FALSE,9.10577971646674
5320,PLEASANTVIEW,1506,473281.20849933516,440500,330522.2789000806,1964,36.12217795484728,623561.8503118504,625.1576538461538,FALSE,33.890577507598785
5330,QUEEN ALEXANDRA,1456,388378.77747252793,376500,215946.60367470895,1978,48.96978021978022,533897.0390309552,440.03865141318977,FALSE,25.70951585976628
5340,RAMSAY HEIGHTS,1113,524995.5076370175,567000,248339.90087115022,1982,32.70440251572327,654098.1308411219,943.3335967957277,FALSE,6.679209783631232
5350,RHATIGAN RIDGE,1131,714533.1564986735,664500,226959.94833331564,1987,3.5366931918656057,726591.2007332726,735.7294564619615,FALSE,4.6044864226682405
5360,RIDEAU PARK,549,337707.65027322434,431500,177189.917945854,1973,49.72677595628415,496067.0289855072,632.3731992753623,FALSE,130.13333333333333
5380,RIVER VALLEY TERWILLEGAR,10,NA,NA,NA,NA,NA,NA,NA,TRUE,NA
5401,RIVER VALLEY FORT EDMONTON,7,NA,NA,NA,NA,NA,NA,NA,TRUE,NA
5430,ROYAL GARDENS,1049,340032.8884652058,431000,155481.21899834045,1967,36.129647283126786,441632.089552239,571.8542492537314,FALSE,11.51358344113842
5451,RICHFORD,394,597837.5634517762,490500,478506.758387003,2012,64.46700507614213,812203.5714285716,1245.64345,FALSE,91.78885630498533
5452,MACEWAN,2393,347143.5436690356,357500,153416.4550226543,2005,47.80610112829085,475329.863891113,405.6052506004804,FALSE,83.33333333333334
5453,BLACKMUD CREEK,1003,531422.7318045859,557000,225591.20102909906,2003,25.324027916251246,619604.8064085454,525.2562323097463,FALSE,17.758985200845668
5454,RUTHERFORD,4422,405875.5088195376,402500,179714.15214137294,2006,45.838986883763006,526994.5720250523,433.4521611691023,FALSE,24.228395061728396
5456,HERITAGE VALLEY AREA,1,NA,NA,NA,NA,NA,NA,NA,TRUE,NA
5457,CALLAGHAN,1089,541467.8604224081,466000,233532.15583300282,2011,36.17998163452709,650124.4604316544,485.3084517985612,FALSE,9.389671361502346
5458,ALLARD,2588,507360.8964451333,493000,218995.0682988176,2016,25.19319938176198,591107.6962809906,403.53198450413225,FALSE,12.428734321550742
5460,SKYRATTLER,937,240640.87513340512,193500,151258.09438142471,1979,78.65528281750267,500930,809.484435,FALSE,11.206896551724139
5463,DESROCHERS AREA,1296,516201.7746913579,513000,206953.1646154231,2020,8.024691358024691,531432.4664429529,449.79034228187936,FALSE,4.961636828644502
5465,HAYS RIDGE AREA,464,1051889.0086206903,1052000,443206.40320290026,2020,0,1051889.0086206903,2527.3728512931043,FALSE,6.343189284811726
5467,CAVANAGH,1258,553761.9236883947,521250,137593.84284775934,2020,4.451510333863275,559789.5174708823,382.5941688851913,FALSE,9.67911625460284
5468,GRAYDON HILL,504,500935.5158730163,460500,147712.83229154535,2018,26.984126984126984,544150.8152173914,387.513991847826,FALSE,3.8917089678511
5469,PAISLEY,1067,492534.2080599811,484000,128799.10583388254,2018,9.278350515463918,508068.6983471075,319.94273450413226,FALSE,4.648648648648648
5470,STEINHAUER,745,445751.6778523488,479000,121255.71187301478,1976,22.95302013422819,505001.74216027866,627.9110104529617,FALSE,10.4959630911188
5472,HERITAGE VALLEY TOWN CENTRE,592,266548.9864864863,182500,275738.252498053,2014,70.77702702702703,407867.0520231212,1015.906572254335,FALSE,26.297577854671278
5476,MAGRATH HEIGHTS,1635,724045.565749237,688500,389511.1311247799,2008,41.52905198776759,934143.8284518828,628.4027656903766,FALSE,4.278682317304051
5477,MACTAGGART,1293,651912.6063418422,680500,498995.8788339632,2011,51.35344160866203,1020780.6041335451,713.2526963434022,FALSE,173.29317269076304
5480,STRATHCONA,2975,393812.9411764682,301500,317026.5866476834,1973,58.58823529411765,619076.2987012983,403.16195779220783,FALSE,45.30120481927711
5490,SWEET GRASS,1003,345910.76769691135,265000,204852.60331647668,1977,55.1345962113659,555484.4444444445,714.8521844444444,FALSE,12.050739957716702
5505,AMBLESIDE,2565,477988.10916179273,484000,226145.4358292123,2011,39.06432748538012,626242.8023032633,404.66996992962254,FALSE,109.97830802603036
5511,TWIN BROOKS,2325,593275.9139784945,566500,234706.46492542452,1995,17.419354838709676,639643.4895833324,624.5333281249999,FALSE,5.444392740809679
5565,WHITEMUD CREEK RAVINE TWIN BROOKS,5,NA,NA,NA,NA,NA,NA,NA,TRUE,NA
5570,WINDERMERE,4730,715993.6575052954,578000,582487.2841566703,2013,24.947145877378436,863972.8169014062,772.0557326760568,FALSE,40.29126213592233
5571,RIVER VALLEY KENDAL,1,NA,NA,NA,NA,NA,NA,NA,TRUE,NA
5572,RIVER VALLEY KESWICK,3,NA,NA,NA,NA,NA,NA,NA,TRUE,NA
5573,KENDAL,4,NA,NA,NA,NA,NA,NA,NA,TRUE,NA
5574,KESWICK,4042,593256.1850569091,573250,380026.1730753751,2022,4.898565066798614,591925.8584807471,474.8371521852246,FALSE,2.1380846325167036
5578,GLENRIDDING HEIGHTS,1794,525589.1861761423,496250,154262.40623628686,2016,14.54849498327759,556399.5433789953,387.0617906066537,FALSE,5.360934182590234
5579,GLENRIDDING RAVINE,1738,598140.6789413115,601000,179317.9521207833,2022,0,598140.6789413115,472.15636881472955,FALSE,5.623901581722319
5580,WINDSOR PARK,552,1328143.1159420281,1126250,735023.5550552775,1963,7.971014492753622,1396571.8503937013,843.5328897637795,FALSE,10.905957656326933
5590,BLACKBURNE,596,497604.0268456375,506500,164456.9241975854,1997,33.89261744966443,561352.7918781728,641.245078680203,FALSE,10.952902519167578
5610,HADDOW,1546,562728.0077619663,586750,224850.32112685632,2002,29.75420439844761,672574.1252302027,548.533561694291,FALSE,14.320506575742813
5620,HODGSON,977,595751.2794268181,580000,342005.4188420359,2004,38.3828045035824,786923.5880398668,567.7517325581396,FALSE,90.31993437243642
5630,LEGER,864,579020.8333333342,567000,129677.46165549991,2004,18.171296296296298,618828.8543140026,493.36573833097594,FALSE,6.729411764705882
5640,TERWILLEGAR TOWNE,2340,507331.837606839,468500,233312.10491015023,2003,26.752136752136753,593190.49008168,476.5702940490081,FALSE,5.756207674943567
5642,SOUTH TERWILLEGAR,3718,401597.09521247685,390500,185132.66658512544,2007,48.6013986013986,542809.5238095236,420.8898090005233,FALSE,47.35849056603774
6010,ARGYLL,336,510968.75,485750,129949.7942303965,1955,0,510968.75,555.2771190476191,FALSE,14.294117647058824
6020,AVONMORE,936,456151.1752136749,439250,149572.8601404547,1956,9.508547008547009,468935.6552538371,590.4538996458087,FALSE,10.50314465408805
6030,BISSET,989,394830.63700707775,418500,108016.10354572663,1987,22.04246713852376,441747.7302204928,552.3571478599222,FALSE,11.007957559681698
6040,BONNIE DOON,1682,535178.0618311529,487750,286445.0029079699,1992,26.991676575505352,633975.5700325727,499.1382573289902,FALSE,12.255466052934407
6061,CAPILANO,1157,513925.66983578226,485500,193327.59928866313,1957,0,513925.66983578226,632.2593500432152,FALSE,4.520990312163617
6070,CLOVERDALE,479,508392.4843423793,427000,283466.8027649028,2003,61.16910229645094,749548.3870967742,410.3665322580645,FALSE,46.735395189003434
6140,CRAWFORD PLAINS,1387,378120.40374909894,399000,98965.37062723836,1981,16.58255227108868,414337.9429559205,565.6993076923077,FALSE,7.6923076923076925
6150,DALY GROVE,1084,376432.195571956,404500,115979.5300911377,1980,21.217712177121772,426987.7049180329,569.7631569086651,FALSE,9.918478260869565
6195,SOUTH EDMONTON COMMON,2,NA,NA,NA,NA,NA,NA,NA,TRUE,NA
6200,EKOTA,694,389293.9481268015,415000,102779.65078535059,1976,17.86743515850144,431071.9298245614,630.3413947368421,FALSE,6.546854942233633
6211,ELLERSLIE,2074,383009.64320154156,402500,172075.22461627627,2004,41.224686595949855,492944.21657095966,694.0395217391301,FALSE,20.96168294515402
6213,SUMMERSIDE,4962,566381.7009270447,518250,279799.546000413,2011,17.7347843611447,628273.1504164621,446.5159634982852,FALSE,7.632398753894081
6214,ELLERSLIE INDUSTRIAL,7,NA,NA,NA,NA,NA,NA,NA,TRUE,NA
6216,THE ORCHARDS AT ELLERSLIE,4138,494452.51329144405,492500,363416.98000808555,2020,12.276462058965684,514489.3939393951,578.0277203856748,FALSE,1.4418125643666324
6230,FOREST HEIGHTS,1503,516037.2588157018,473000,198354.45366805105,1961,7.518296739853627,534995.323741007,537.1811316546763,FALSE,2.9379760609358
6240,FULTON PLACE,931,449508.05585392076,451000,139870.84168756646,1956,9.881847475832437,470400.4767580453,611.9128998808105,FALSE,9.333333333333334
6270,GOLD BAR,932,418149.67811158765,414500,118652.97209603191,1958,0,418149.67811158765,573.6037027896996,FALSE,6.2139654067905195
6280,GREENVIEW,998,405596.1923847698,426000,131699.66084821054,1978,21.24248496993988,457459.923664122,636.6607480916031,FALSE,2.898550724637681
6290,HAZELDEAN,1099,507571.42857142835,461500,188076.17276078186,1956,5.7324840764331215,521234.5559845555,531.0046003861004,FALSE,8.84433962264151
6300,HILLVIEW,1086,390289.59484346234,411000,293723.0013829403,1978,26.427255985267035,459389.8623279103,626.3286107634543,FALSE,11.081081081081082
6310,HOLYROOD,1093,523468.4354986277,475000,184398.61579315862,1955,0.36596523330283626,523634.9862258952,626.4569467401285,FALSE,9.07003444316877
6320,IDYLWYLDE,684,404320.90643274883,402000,189465.84123318677,1955,22.514619883040936,473087.7358490568,552.9254698113208,FALSE,9.986320109439124
6330,JACKSON HEIGHTS,1270,467218.11023622076,469500,102565.39586167481,1992,12.834645669291339,489708.2204155374,545.2069268292684,FALSE,4.4493882091212456
6340,KAMEYOSEK,758,316953.82585751964,276000,458820.72127575235,1976,58.443271767810025,439001.58730158716,707.2024,FALSE,38.51944792973651
6350,KENILWORTH,995,434654.27135678404,435500,96931.42304738269,1964,0.20100502512562815,434751.76233635435,561.7334279959719,FALSE,4.311377245508982
6360,KING EDWARD PARK,1924,424324.5841995836,397250,275123.823630852,1973,26.14345114345114,494748.41660802293,476.46307178043634,FALSE,14.152298850574713
6370,KINISKI GARDENS,2213,412800.4970628113,382500,124704.97583837085,1990,5.78400361500226,428100.4796163072,437.6968772182253,FALSE,4.223433242506812
6390,LARKSPUR,1985,390111.08312342403,434500,139803.23290082332,1999,38.94206549118388,485272.68976897694,529.5327169966996,FALSE,30.67669172932331
6400,LEE RIDGE,797,325615.43287327455,315500,117976.69996185266,1974,33.626097867001256,383231.5689981097,630.340011342155,FALSE,4.817275747508306
6410,MAPLE RIDGE,8,NA,NA,NA,NA,NA,NA,NA,TRUE,NA
6420,MAPLE RIDGE INDUSTRIAL,7,NA,NA,NA,NA,NA,NA,NA,TRUE,NA
6441,MAPLE,1655,531064.6525679759,488000,146446.28970769697,2018,2.8398791540785497,536639.3034825871,371.2578208955224,FALSE,4.608788853161844
6442,SILVER BERRY,2557,424465.3891278822,442500,122811.07732922288,2005,24.325381306218226,478512.1447028428,389.0820470284238,FALSE,6.4981949458483745
6443,TAMARACK,1959,446298.1112812646,448500,144444.0690094897,2012,27.565084226646245,510337.56166314293,828.6694580690621,FALSE,3.4602076124567476
6444,LAUREL,4275,553930.2923976593,517000,168607.04102549405,2016,9.192982456140351,575849.0468830526,365.92612931478624,FALSE,4.761904761904762
6445,ASTER,1141,471570.5521472391,499500,394280.6758867056,2023,0,471570.5521472391,778.5431139351449,FALSE,-7.069767441860465
6450,MENISA,870,426003.4482758624,430500,198888.23471372898,1977,11.264367816091953,455569.3005181348,664.8527046632124,FALSE,11.528497409326425
6460,MEYOKUMIN,941,359682.784272051,379500,279513.86571838503,1979,30.818278427205104,423046.85099846387,578.8521889400921,FALSE,4.545454545454546
6470,MEYONOHK,1107,316806.6847335142,326500,174782.54929872372,1977,47.96747967479675,427649.30555555556,608.9132829861111,FALSE,13.073593073593074
6480,MICHAELS PARK,858,330972.61072261166,373500,124191.93940716494,1976,46.15384615384615,423630.95238095237,620.8101883116883,FALSE,14.132925897631779
6491,MILL CREEK RAVINE NORTH,3,NA,NA,NA,NA,NA,NA,NA,TRUE,NA
6520,MILL WOODS TOWN CENTRE,482,167662.86307053946,165500,40129.97244787592,1995,100,NA,NA,FALSE,29.0448343079922
6530,MINCHAU,999,394557.5575575576,400500,92667.51576143186,1981,11.611611611611613,417957.53114382806,559.8901494903737,FALSE,8.097165991902834
6550,OTTEWELL,2357,427640.8570216372,448000,140332.55544819258,1962,6.067034365719135,449607.72357723635,567.5321987353207,FALSE,3.944315545243619
6580,POLLARD MEADOWS,1364,321940.61583577713,366500,129337.82251531348,1981,44.42815249266862,419741.4248021108,556.4996372031662,FALSE,8.753709198813056
6600,RICHFIELD,694,374534.5821325655,390250,482602.8360456964,1973,23.34293948126801,434847.74436090223,648.2814060150375,FALSE,11.261582323592302
6610,RITCHIE,1846,463177.1397616465,421750,252063.3916861905,1993,37.594799566630556,574633.6805555552,446.6782118055555,FALSE,23.861967694566815
6620,RIVER VALLEY GOLD BAR,2,NA,NA,NA,NA,NA,NA,NA,TRUE,NA
6640,ROPER INDUSTRIAL,1,NA,NA,NA,NA,NA,NA,NA,TRUE,NA
6661,CHARLESWORTH,2702,493205.40340488515,500250,167948.1411615686,2013,18.171724648408585,549075.9837177742,379.29435685210314,FALSE,7.696447793326157
6662,WALKER,4518,467639.7742363877,455500,164246.61762709607,2014,28.24258521469677,542634.0222085144,365.8430148056755,FALSE,10.69258809234508
6663,DECOTEAU,62,NA,NA,NA,NA,NA,NA,NA,TRUE,NA
6667,MATTSON,389,416893.3161953709,215000,681055.2073210574,2024,14.652956298200515,440677.71084337204,3909.171457831325,FALSE,-55.647240845796794
6668,MELTWATER,136,587551.4705882341,186500,1777546.4460040207,1976,0,587551.4705882341,12206.103867647062,FALSE,NA
6669,ALCES,1178,430787.7758913459,387250,493913.1756706653,2025,0,430787.7758913459,1761.7555016977929,FALSE,-16.450916936353828
6670,SAKAW,1213,372822.3413025558,385000,92381.90643961655,1980,16.24072547403133,403177.1653543307,565.6536988188976,FALSE,4.976141785957737
6680,SATOO,1202,374326.12312811986,397000,86165.9715562527,1975,23.294509151414307,413934.3817787419,601.924431670282,FALSE,7.880434782608696
6700,STRATHCONA INDUSTRIAL PARK,1,NA,NA,NA,NA,NA,NA,NA,TRUE,NA
6710,STRATHEARN,667,574320.0899550224,477000,334660.6073147542,1955,5.997001499250374,601250.398724083,538.2374768740032,FALSE,5.530973451327434
6720,TAWA,867,260166.66666666672,249500,424219.13207320013,1993,99.88465974625143,12549500,13998.584,FALSE,28.940568475452196
6730,TERRACE HEIGHTS,655,403093.1297709917,443000,182361.1378165734,1960,16.18320610687023,459783.2422586521,549.1702805100182,FALSE,10.473815461346634
6750,TIPASKAN,812,319160.71428571426,381750,129863.7115281593,1978,42.610837438423644,424093.347639485,604.4577188841201,FALSE,13.616071428571427
6760,TWEDDLE PLACE,747,378279.1164658636,411500,102478.40977230095,1974,23.560910307898258,430146.23467600706,667.0743222416812,FALSE,6.883116883116883
6770,WEINLOS,1094,354377.056672761,370750,123056.05620240764,1982,20.109689213893965,402336.3844393593,507.0099725400458,FALSE,8.96399706098457
6780,WEIR INDUSTRIAL,1,NA,NA,NA,NA,NA,NA,NA,TRUE,NA
6790,WILD ROSE,2476,478877.8271405486,479000,175224.02491138448,2002,18.820678513731824,534656.2189054734,489.6133845771146,FALSE,6.562847608453838
8885,EDMONTON SOUTH CENTRAL EAST,16,NA,NA,NA,NA,NA,NA,NA,TRUE,NA
8886,EDMONTON SOUTH EAST,75,NA,NA,NA,NA,NA,NA,NA,TRUE,NA
8887,EDMONTON SOUTH CENTRAL,69,NA,NA,NA,NA,NA,NA,NA,TRUE,NA
8888,EDMONTON SOUTH WEST,47,NA,NA,NA,NA,NA,NA,NA,TRUE,NA
8889,CROSSROADS,7,NA,NA,NA,NA,NA,NA,NA,TRUE,NA
6665,ANTHONY HENDAY SOUTH EAST,17,NA,NA,NA,NA,NA,NA,NA,TRUE,NA
5471,CHAPPELLE,5533,482290.3488161936,473500,261383.38492765327,2017,9.759624073739381,501753.9555377511,460.9806296815542,FALSE,4.180418041804181
NA,LEWIS FARMS INDUSTRIAL,27,NA,NA,NA,NA,NA,NA,NA,TRUE,NA
3370,RAPPERSWILL,1121,511370.65120428184,499500,101046.15169222279,2014,0,511370.65120428184,409.5815129348796,FALSE,4.44328280188186
5405,RIVER VALLEY WINDERMERE,5,NA,NA,NA,NA,NA,NA,NA,TRUE,NA
6690,SOUTHEAST INDUSTRIAL,2,NA,NA,NA,NA,NA,NA,NA,TRUE,NA
5540,WESTBROOK ESTATES,339,1531231.563421828,1226000,964960.3068027955,1972,0,1531231.563421828,1216.0889675516225,FALSE,4.074702886247878
