Neighbourhood ID,Neighbourhood,n_properties,avall_public,median_assessvalue,sd_assessedvalue,median_yearbuilt,pct_with_unit,avg_assessvalue_without_unit,avg_lotsize,suppressed
1010,ALBERTA AVENUE,2288,284793.4877622381,264000,90331.67924387683,1943,6.512237762237762,281104.7218326321,383.9739696119682,FALSE
1020,BOYLE STREET,1077,170430.36211699137,103500,591299.0061405369,1981,93.87186629526462,707219.6969696968,497.2472727272728,FALSE
1030,CENTRAL MCDOUGALL,956,171270.3974895395,108500,185151.07557801352,1978,88.17991631799164,427818.58407079644,688.0883628318584,FALSE
1070,CROMDALE,705,210263.82978723355,128000,240830.77071777274,1979,78.58156028368795,573072.8476821191,552.1288940397351,FALSE
1080,DELTON,734,324314.7138964578,306500,101478.6370645437,1953,3.5422343324250685,323119.3502824859,524.8051129943503,FALSE
1090,DOWNTOWN,5722,243676.4243271529,214500,200286.32150936156,2003,99.860188745194,397437.5,359.557125,FALSE
1100,EASTWOOD,1050,282896.6666666669,279000,123811.19169938678,1969,22.952380952380953,316216.3164400493,519.2649456118664,FALSE
1111,BLATCHFORD AREA,415,381060.24096385646,156000,297791.89793915267,2024,8.19277108433735,380124.67191601126,240.1312283464567,FALSE
1120,EDMONTON NORTHLANDS,11,NA,NA,NA,NA,NA,NA,NA,TRUE
1130,ELMWOOD PARK,395,305275.9493670887,328500,134701.9074167969,1960,16.20253164556962,350820.2416918429,676.4115528700906,FALSE
1140,MCCAULEY,816,284188.72549019626,253500,395332.1232228296,1947,10.049019607843137,288464.5776566757,363.8584128065395,FALSE
1151,WÎHKWÊNTÔWIN,7475,216097.19063544838,166500,190640.81745322846,1979,98.06020066889633,581234.4827586206,295.5493310344827,FALSE
1160,PARKDALE,1430,247838.1118881126,248500,108548.28613066587,1955,30.419580419580424,286232.66331658285,411.10227939698495,FALSE
1170,PRINCE RUPERT,473,336883.72093023267,375000,152907.0845085505,1953,24.52431289640592,408407.5630252101,585.2820728291317,FALSE
1180,QUEEN MARY PARK,2117,213501.4170996691,179500,148059.33563759644,1992,81.34152102031176,451310.1265822785,757.9583696202532,FALSE
1190,RIVER VALLEY KINNAIRD,1,NA,NA,NA,NA,NA,NA,NA,TRUE
1210,RIVERDALE,865,537877.456647399,485500,443168.39560588513,2002,36.1849710982659,655690.2173913042,511.3869764492753,FALSE
1220,ROSSDALE,356,516313.2022471908,494750,280435.24686523376,1993,35.674157303370784,647244.541484716,317.5988864628821,FALSE
1230,SPRUCE AVENUE,537,342263.5009310986,337000,127526.5846195825,1949,17.318435754189945,362737.61261261266,588.0035563063063,FALSE
1240,VIRGINIA PARK,206,453376.2135922329,393000,294787.80374419305,1951,11.165048543689322,498882.5136612023,484.0054153005464,FALSE
1250,WESTWOOD,680,319561.7647058826,320750,175970.9605255377,1968,32.64705882352941,402280.5676855898,573.8683646288209,FALSE
2010,ABBOTTSFIELD,376,169148.93617021278,165500,10637.438234771642,1972,100,NA,NA,FALSE
2020,BALWIN,1238,307486.2681744749,332000,99151.3433987867,1963,8.319870759289175,320040.52863436134,535.5263066079295,FALSE
2030,BANNERMAN,1151,257951.34665508298,233000,119370.44560094252,1978,51.52041702867072,367206.98924731184,562.1281738351254,FALSE
2040,BEACON HEIGHTS,1131,301945.6233421751,305500,90105.32630301635,1959,7.427055702917771,316069.72301814717,563.9176313276026,FALSE
2050,BELLE RIVE,1268,483452.6813880122,500750,133056.72058399644,1999,14.74763406940063,511315.44865864917,534.3000120259019,FALSE
2060,BELLEVUE,470,383619.1489361701,341000,140882.11911930863,1948,0,383619.1489361701,476.98466808510636,FALSE
2070,BELMONT,1653,309104.3557168785,316000,106058.88950941472,1976,37.99153055051422,374003.4146341463,517.4328897560976,FALSE
2080,BELVEDERE,1757,231436.53955606063,266500,129561.08811970169,1970,48.94706886738759,331739.1304347826,554.8092552954292,FALSE
2090,BERGMAN,636,354652.5157232705,362750,118119.34246569147,1985,7.3899371069182385,365890.49235993205,584.1809303904923,FALSE
2100,BEVERLY HEIGHTS,1219,352334.2904019688,336000,102168.54786555718,1959,0.4922067268252666,352897.77411376743,563.6096784830997,FALSE
2110,BRINTNELL,1757,470994.3084803645,474500,81359.0321280817,2006,7.285145133750712,484543.8919582569,420.82065500306936,FALSE
2120,CANON RIDGE,938,231432.30277185488,220000,92495.84173194594,2004,81.87633262260128,382358.82352941175,553.3709823529412,FALSE
2130,CASSELMAN,1196,283175.1672240807,204250,260872.8181328169,1977,71.48829431438128,490941.34897360706,720.713348973607,FALSE
2145,CLAREVIEW TOWN CENTRE,1645,223184.4984802433,171500,106170.57717012281,2006,89.54407294832826,426558.1395348837,412.16501744186047,FALSE
2160,CLOVER BAR AREA,31,NA,NA,NA,NA,NA,NA,NA,TRUE
2230,DELWOOD,1359,356026.49006622547,367000,85131.88480397966,1966,3.237674760853569,361534.22053231933,574.3800281368822,FALSE
2241,EAUX CLAIRES,1422,354176.160337553,344750,181684.54872134406,2003,45.639943741209564,487643.59637774905,585.5742742561451,FALSE
2251,EBBERS,517,409882.97872340464,430000,164063.4813456823,2017,29.013539651837522,496903.26975476847,354.75175204359675,FALSE
2260,EVANSDALE,1586,313989.2812105923,368500,128049.17188843,1972,27.994955863808325,383232.0490367776,601.4639947460596,FALSE
2280,FRASER,1628,419329.54545454425,380500,246017.9846475563,1984,21.62162162162162,493137.14733542176,520.8603879310346,FALSE
2290,GLENGARRY,1159,312589.3011216567,355000,106086.8538463191,1962,14.49525452976704,341304.2381432897,495.18837840565084,FALSE
2311,GORMAN,145,509768.9655172413,566000,384438.5698141226,2024,0,509768.9655172413,4924.770068965518,FALSE
2320,HAIRSINE,825,244508.48484848518,202500,92904.44864701261,1979,64.72727272727272,358393.470790378,633.4478969072164,FALSE
2330,HIGHLANDS,1142,496425.131348511,435500,242189.48577311306,1950,2.276707530647986,505270.1612903228,559.5259130824372,FALSE
2340,HOLLICK-KENYON,1854,435382.1467098156,449750,126808.02509639686,2004,12.998921251348436,467867.3279603224,458.08863918164906,FALSE
2350,HOMESTEADER,1016,309170.76771653583,326750,432575.7675844568,1975,36.51574803149607,377122.480620155,1113.5060697674421,FALSE
2360,INDUSTRIAL HEIGHTS,3,NA,NA,NA,NA,NA,NA,NA,TRUE
2380,KENNEDALE INDUSTRIAL,4,NA,NA,NA,NA,NA,NA,NA,TRUE
2390,KERNOHAN,1138,336155.97539543046,340500,98866.21142279622,1978,34.00702987697715,381408.12250332884,559.0555392809587,FALSE
2400,KILDARE,957,290500.5224660391,354500,116059.4109588347,1968,31.347962382445143,358237.44292237447,545.549700152207,FALSE
2410,KILKENNY,1599,343840.5253283298,376000,110919.09756204819,1969,17.636022514071296,385787.0159453304,564.8975223993925,FALSE
2420,KILLARNEY,860,354524.4186046512,352500,90310.903862556,1960,1.5116279069767442,355817.59149940975,612.1550826446281,FALSE
2430,KIRKNESS,1291,334874.51587916387,341000,182952.96589533935,1987,30.983733539891556,391635.8024691357,480.77988103254773,FALSE
2440,KLARVATTEN,2272,464453.5651408454,456500,127057.71900637439,2005,13.204225352112676,489777.3833671401,426.15132657200814,FALSE
2450,LAGO LINDO,1374,389447.23435225605,391250,90828.60019626483,1983,8.078602620087336,405151.6231195566,543.2054916864608,FALSE
2462,CRYSTALLINA NERA EAST,767,451539.11342894455,497500,552723.5029029918,2024,0,451539.11342894455,730.8709348109513,FALSE
2463,CRYSTALLINA NERA WEST,1403,474485.74483250204,478000,175737.7342040655,2017,31.361368496079827,561537.9023883697,467.5802357217031,FALSE
2500,MATT BERRY,1313,469004.18888042716,493500,187247.92654702318,1997,13.861386138613863,505358.09018567635,593.2525349248452,FALSE
2511,MAYLIEWAN,1256,517920.78025477665,509500,97009.05559091747,1999,2.7070063694267517,520836.33387888724,554.8289214402619,FALSE
2522,MCCONACHIE,3708,482262.0010787492,489750,159598.63733134847,2015,15.453074433656958,527232.6953748002,411.66316267942585,FALSE
2530,MCLEOD,881,398975.5959137345,382000,69823.00859146503,1969,0,398975.5959137345,622.2698626560726,FALSE
2541,MILLER,1025,389689.75609756046,413000,111155.2038292375,2002,36.58536585365854,459150.7692307694,505.139983076923,FALSE
2550,MONTROSE,1155,283744.15584415593,275500,97627.55575669186,1953,9.61038961038961,295382.1839080459,460.2488505747126,FALSE
2560,NEWTON,1153,336117.5195143104,333000,100760.63290883543,1959,4.943625325238508,346633.66788321186,517.9921906934306,FALSE
2580,NORTHMOUNT,1087,346277.82888684474,381500,104589.39973752138,1971,23.367065317387304,394710.6842737094,615.3041452581033,FALSE
2590,OVERLANDERS,453,360391.8322295805,369000,288290.188426305,1978,31.346578366445915,421810.2893890676,623.9165594855306,FALSE
2600,OZERNA,1431,456187.63102725317,462000,148473.68176068395,1997,14.046121593291405,497971.13821138255,545.2424349593496,FALSE
2611,CY BECKER,1543,496825.34024627315,511000,154135.8009117137,2019,13.415424497731692,535606.28742515,375.28264446107784,FALSE
2630,RIVER VALLEY HERMITAGE,63,NA,NA,NA,NA,NA,NA,NA,TRUE
2640,RIVER VALLEY HIGHLANDS,5,NA,NA,NA,NA,NA,NA,NA,TRUE
2660,RUNDLE HEIGHTS,980,257014.28571428565,313250,143522.56462909226,1971,41.734693877551024,355281.9614711035,567.4312451838879,FALSE
2670,RURAL NORTH EAST HORSE HILL,69,NA,NA,NA,NA,NA,NA,NA,TRUE
2671,MARQUIS,800,412228.75,329000,1270222.1569802396,2024,0,412228.75,4221.016102499999,FALSE
2681,EDMONTON ENERGY AND TECHNOLOGY PARK,99,NA,NA,NA,NA,NA,NA,NA,TRUE
2690,RURAL NORTH EAST SOUTH STURGEON,53,NA,NA,NA,NA,NA,NA,NA,TRUE
2692,QUARRY RIDGE,497,613410.462776659,680000,533285.6610688121,2007,0,613410.462776659,1848.542414486922,FALSE
2700,SCHONSEE,1844,481052.8741865508,502500,236384.42839908946,2014,31.127982646420826,571284.2519685046,490.4357322834646,FALSE
2710,SIFTON PARK,405,316856.7901234568,354000,93564.43607264454,1976,29.629629629629626,368364.91228070174,627.9887824561404,FALSE
2720,YORK,1110,319748.64864864835,344000,98632.3970620255,1967,19.00900900900901,351784.2046718574,549.9381334816462,FALSE
3010,ATHLONE,1140,354039.4736842107,352000,98328.78642739693,1993,11.228070175438596,365973.8142292484,522.1621581027669,FALSE
3020,BARANOW,663,225359.7285067873,202500,90933.4810061839,2009,100,NA,NA,FALSE
3030,BATURYN,1632,371701.286764706,390000,317867.8504373968,1978,23.651960784313726,418216.69341894065,591.0112728731942,FALSE
3040,BEAUMARIS,1516,392458.44327176706,424250,199604.23281345237,1983,41.49076517150396,501698.4216459979,644.7945546786922,FALSE
3060,CAERNARVON,1429,319593.0720783762,364500,108462.25937934993,1975,33.65990202939118,383579.641350211,558.641799578059,FALSE
3070,CALDER,1402,328163.6947218258,321500,113869.96284491429,1959,7.917261055634807,338515.1045701007,530.885599535244,FALSE
3080,CANOSSA,1041,458630.64361191157,466500,69917.93769834189,2003,8.549471661863594,474483.718487395,420.9285273109244,FALSE
3090,CARLISLE,1095,352923.7442922378,367000,315809.9036302375,1978,25.205479452054796,397920.63492063485,555.3949731379731,FALSE
3111,GRIESBACH,2403,517991.26092384505,484000,252306.0122556524,2015,35.33083645443196,616035.7142857144,402.6594897039897,FALSE
3120,CHAMBERY,785,634641.4012738864,571000,201842.2402005001,2005,0,634641.4012738864,526.4462904458599,FALSE
3140,CRESTWOOD,927,1034484.8975188794,748000,1007190.1968567002,1964,6.256742179072276,1077182.968929808,764.8998089758343,FALSE
3150,CUMBERLAND,1983,427813.41401916376,446500,112710.5596826192,2002,12.859304084720122,464759.2592592592,433.717,FALSE
3170,DOVERCOURT,762,388199.4750656167,382000,81991.91636535984,1954,0,388199.4750656167,643.2960944881889,FALSE
3180,DUNLUCE,1825,338781.6438356164,378500,108410.50490635452,1979,28.27397260273973,397792.9717341481,584.1146447669977,FALSE
3190,ELSINORE,940,485414.89361702144,496000,112280.6852517669,1998,18.29787234042553,515240.8854166666,537.6814023437499,FALSE
3200,GLENORA,1565,834125.878594249,707000,661447.3083241064,1969,23.19488817891374,1014128.5357737112,673.7927537437604,FALSE
3210,GROVENOR,1037,520349.5660559304,451000,256273.6862248237,1964,12.439729990356799,542621.1453744492,549.1067169603524,FALSE
3220,HAGMANN ESTATE INDUSTRIAL,4,NA,NA,NA,NA,NA,NA,NA,TRUE
3240,INGLEWOOD,1514,380207.3976221932,396000,217823.65193537442,1969,30.449141347424042,476251.6619183292,526.5860294396961,FALSE
3250,KENSINGTON,1378,336633.1640058059,353000,90912.64576937513,1962,17.053701015965167,355839.02012248477,599.0075048118985,FALSE
3260,LAUDERDALE,812,337218.5960591129,335250,180114.33876801468,1960,3.0788177339901477,340918.04320203286,589.1490622617534,FALSE
3270,LAURIER HEIGHTS,1022,827959.8825831695,730500,521689.69414646726,1961,0.19569471624266144,828146.5686274525,746.005150980392,FALSE
3280,LORELEI,1295,336533.20463320386,377500,117390.17219830939,1976,32.89575289575289,401979.28653624863,586.6192658227848,FALSE
3300,MCQUEEN,469,422245.20255863544,429000,149321.71645023633,1955,7.036247334754798,447288.9908256881,597.3633899082569,FALSE
3310,NORTH GLENORA,735,494734.01360544236,453500,159418.25333207427,1953,0,494734.01360544236,616.3289238095239,FALSE
3320,OXFORD,1389,464734.3412527,467000,131135.4741778145,2003,19.222462203023756,509094.0285204993,568.7019135472372,FALSE
3330,PARKVIEW,1426,860026.6479663418,633000,838005.9948231658,1959,0.8415147265077139,864824.6110325293,662.6567765205091,FALSE
3340,PEMBINA,498,229269.07630522078,201000,77869.2662305864,2006,100,NA,NA,FALSE
3350,PRINCE CHARLES,590,389256.7796610171,349750,161433.63103455436,1960,16.94915254237288,399804.0816326529,550.4601367346938,FALSE
3360,RAMPART INDUSTRIAL,7,NA,NA,NA,NA,NA,NA,NA,TRUE
3381,RIVER VALLEY GLENORA,2,NA,NA,NA,NA,NA,NA,NA,TRUE
3390,ROSSLYN,1013,346258.6377097732,357000,91643.49876844393,1961,0.6910167818361304,346544.2345924454,559.5381143141153,FALSE
3410,SHERBROOKE,927,315013.48435814417,363000,145552.24983272032,1954,23.73247033441208,386841.5841584158,644.2588755304101,FALSE
3430,WELLINGTON,998,351835.17034068133,366000,94324.8438324341,1959,2.905811623246493,359759.02992776065,580.5260216718266,FALSE
3440,WESTMOUNT,2655,429186.06403013173,417000,306422.7763917423,1979,48.43691148775894,642010.2264426593,545.1034682249817,FALSE
3450,WOODCROFT,692,390182.8034682077,415000,120561.84873748575,1955,23.265895953757227,440233.52165725053,639.9216346516007,FALSE
3460,ALBANY,582,398334.1924398633,323500,213459.2281487891,2013,60.30927835051546,641777.0562770562,468.66822510822516,FALSE
3470,CARLTON,1795,466723.39832869027,478000,158880.69926286,2010,24.233983286908078,528198.8970588236,474.4093441176471,FALSE
3480,HUDSON,904,450334.0707964604,473000,216212.65861129525,2005,24.336283185840706,533621.3450292399,554.2299926900583,FALSE
3490,GOODRIDGE CORNERS,120,340370.83333333326,174750,1366846.3218773196,1968,0,340370.83333333326,13841.60653333333,FALSE
4011,ANTHONY HENDAY,26,NA,NA,NA,NA,NA,NA,NA,TRUE
4012,ANTHONY HENDAY SOUTH WEST,20,NA,NA,NA,NA,NA,NA,NA,TRUE
4013,ANTHONY HENDAY TERWILLEGAR,9,NA,NA,NA,NA,NA,NA,NA,TRUE
4014,ANTHONY HENDAY SOUTH,16,NA,NA,NA,NA,NA,NA,NA,TRUE
4015,ANTHONY HENDAY MISTATIM,14,NA,NA,NA,NA,NA,NA,NA,TRUE
4016,ANTHONY HENDAY CASTLEDOWNS,9,NA,NA,NA,NA,NA,NA,NA,TRUE
4017,ANTHONY HENDAY LAKE DISTRICT,13,NA,NA,NA,NA,NA,NA,NA,TRUE
4018,ANTHONY HENDAY BIG LAKE,15,NA,NA,NA,NA,NA,NA,NA,TRUE
4019,ANTHONY HENDAY ENERGY PARK,12,NA,NA,NA,NA,NA,NA,NA,TRUE
4020,ALDERGROVE,1594,368058.0301129238,419500,220728.54015351454,1976,30.61480552070264,449029.8372513564,645.365040687161,FALSE
4021,ANTHONY HENDAY HORSE HILL,13,NA,NA,NA,NA,NA,NA,NA,TRUE
4022,ANTHONY HENDAY CLAREVIEW,3,NA,NA,NA,NA,NA,NA,NA,TRUE
4023,ANTHONY HENDAY RAMPART,13,NA,NA,NA,NA,NA,NA,NA,TRUE
4024,ANTHONY HENDAY SOUTH BLACKBURNE,14,NA,NA,NA,NA,NA,NA,NA,TRUE
4040,BELMEAD,1349,368704.59599703434,394000,257987.86722947817,1977,38.39881393624907,455194.3441636583,701.4256799037305,FALSE
4060,BRITANNIA YOUNGSTOWN,1467,286240.2862985682,324500,137658.8058479223,1970,38.30947511929107,362650.2762430937,581.9260430939227,FALSE
4070,CALLINGWOOD NORTH,799,228632.04005006226,204500,380222.3896137988,1974,83.85481852315394,466182.1705426356,700.953527131783,FALSE
4080,CALLINGWOOD SOUTH,1286,184467.72939346815,171500,59357.01788822885,1988,100,NA,NA,FALSE
4090,CANORA,1088,283449.4485294121,301750,157191.03168208394,1973,41.911764705882355,369961.23417721526,490.605957278481,FALSE
4110,DECHENE,598,523673.9130434782,524000,55604.74464052945,1987,11.20401337792642,531497.175141243,613.6743352165726,FALSE
4120,DONSDALE,607,822473.6408566715,753500,663300.944419956,2005,32.45469522240527,1010240.2439024398,846.6552853658538,FALSE
4140,ELMWOOD,782,375928.3887468029,386500,85315.08213171863,1964,4.475703324808184,388914.9933065596,550.5997911646587,FALSE
4160,GARIEPY,746,496479.8927613939,529750,182724.04358820277,1979,20.10723860589812,548953.8590604025,627.1063825503355,FALSE
4180,GLENWOOD,1694,308631.64108618733,332500,152908.0389195943,1971,43.09327036599764,408897.82157676335,630.8065446058091,FALSE
4200,HIGH PARK,635,402760.62992126,381000,115821.71532544096,1962,4.566929133858268,402600.6600660065,605.3891699669967,FALSE
4220,JAMIESON PLACE,1385,464132.12996389956,470000,87091.72013985898,1991,9.458483754512635,470437.0015948961,499.2945805422647,FALSE
4230,JASPER PARK,626,354234.02555910574,372250,141837.92139061028,1962,24.121405750798722,409975.78947368404,629.5885431578947,FALSE
4240,LA PERLE,1643,350003.6518563601,353000,446047.21821329155,1982,39.19659160073037,453917.91791791754,589.9449379379379,FALSE
4270,LYMBURN,2072,350066.84362934285,381500,107907.91022628885,1982,26.3996138996139,404467.5409836068,486.8877259016393,FALSE
4280,LYNNWOOD,781,461549.93597951345,450500,77825.58616660324,1959,0,461549.93597951345,589.852614596671,FALSE
4290,MAYFIELD,877,324957.24059293047,337000,95020.6547272596,1958,10.832383124287343,349180.3069053709,562.51023657289,FALSE
4310,MEADOWLARK PARK,1199,371479.56630525424,400000,94676.83920023403,1961,24.27022518765638,416333.7004405287,574.5568370044053,FALSE
4320,MISTATIM INDUSTRIAL,1,NA,NA,NA,NA,NA,NA,NA,TRUE
4360,OLESKIW,1082,873390.4805914965,762250,485085.7170521725,1989,8.040665434380777,881348.2412060314,813.8827095477387,FALSE
4380,ORMSBY PLACE,1759,378727.11768049956,413500,161450.72723437595,1978,40.81864695849915,501123.4390009608,626.1091037463976,FALSE
4390,PATRICIA HEIGHTS,443,595395.0338600453,539500,537228.3526315499,1969,24.37923250564334,742934.3283582086,912.0806119402987,FALSE
4420,QUESNELL HEIGHTS,132,1090204.5454545456,898000,755040.5655007553,1970,0,1090204.5454545456,1206.2913257575758,FALSE
4430,RIO TERRACE,517,702340.4255319143,549000,548348.6495323979,1961,0,702340.4255319143,760.2064700193423,FALSE
4440,RIVER VALLEY LESSARD NORTH,1,NA,NA,NA,NA,NA,NA,NA,TRUE
4451,RIVER VALLEY OLESKIW,4,NA,NA,NA,NA,NA,NA,NA,TRUE
4461,THE HAMPTONS,3973,469321.04203372763,476500,163768.51521661712,2007,22.678077019884217,528140.13671875,434.0928232421875,FALSE
4462,EDGEMONT,3516,500859.4994311715,493500,354804.4830906974,2020,6.427758816837315,510169.1489361669,792.8212009118553,FALSE
4463,RIVERVIEW AREA,149,1033241.6107382551,914000,533848.0829686287,1991,0,1033241.6107382551,30708.676342281873,FALSE
4464,THE UPLANDS,2046,472241.9354838695,464250,377127.45002948004,2022,3.519061583577713,475444.78216819116,683.95710638298,FALSE
4466,CAMERON HEIGHTS,797,914631.7440401486,702000,549509.3925000953,2011,5.018820577164367,927114.9273447808,729.7229167767504,FALSE
4467,RIVER VALLEY CAMERON,1,NA,NA,NA,NA,NA,NA,NA,TRUE
4468,STILLWATER,1486,388298.7886944816,378750,439382.1414449551,2022,0,388298.7886944816,960.4780982503366,FALSE
4469,RIVER'S EDGE,971,398005.6642636444,232500,862123.4451989442,2024,0,398005.6642636444,2507.35084037075,FALSE
4471,TRUMPETER AREA,1278,522430.7511737083,508500,263566.1265619175,2017,8.763693270735525,535909.5197255568,1469.159587478559,FALSE
4473,HAWKS RIDGE,697,518805.595408896,547500,291328.13541265513,2018,17.216642754662843,561688.9081455807,1723.1377469670722,FALSE
4474,STARLING,948,534292.1940928263,555250,241837.3343060188,2017,8.438818565400844,551633.0645161286,958.9190472350227,FALSE
4475,KINOKAMAU PLAINS AREA,59,NA,NA,NA,NA,NA,NA,NA,TRUE
4477,KINGLET GARDENS,1207,447961.0604805288,471500,425117.07164245815,2023,0,447961.0604805288,1365.0888135874065,FALSE
4478,PINTAIL LANDING,8,NA,NA,NA,NA,NA,NA,NA,TRUE
4486,STEWART GREENS,457,551582.0568927792,534000,184051.98167376698,2017,0,551582.0568927792,751.05320131291,FALSE
4487,SECORD,4059,483656.5656565617,503000,138332.71150235325,2019,19.561468341956147,530665.2373660037,360.1449203675344,FALSE
4500,SHERWOOD,461,379788.50325379625,367000,180911.63546272632,1966,20.17353579175705,441171.19565217395,612.1315951086957,FALSE
4520,SUMMERLEA,588,344828.23129251687,348750,269788.3173959537,1981,48.46938775510204,463927.392739274,554.230396039604,FALSE
4530,SUNWAPTA INDUSTRIAL,1,NA,NA,NA,NA,NA,NA,NA,TRUE
4540,TERRA LOSA,1189,229893.6080740117,205000,84270.56938714009,1995,100,NA,NA,FALSE
4551,GRANVILLE,998,572230.460921844,588750,192482.1827234562,2014,20.741482965931866,638654.2351453855,499.9815309734513,FALSE
4560,THORNCLIFF,731,323963.0642954856,367500,111132.76031264063,1973,41.17647058823529,401758.1395348837,642.205711627907,FALSE
4570,WEDGEWOOD HEIGHTS,521,746602.6871401154,609000,440776.29127971927,1993,0,746602.6871401154,906.0277619961613,FALSE
4580,WEST JASPER PLACE,741,382315.78947368456,396000,210913.71075748213,1977,24.426450742240217,471699.1071428571,632.7522357142857,FALSE
4590,WEST MEADOWLARK PARK,1065,290238.96713614877,322500,133961.81644024453,1965,47.136150234741784,409361.4564831261,534.2867744227353,FALSE
4610,WESTRIDGE,526,682909.6958174905,648000,321213.9961979102,1976,7.984790874524715,694103.3057851243,812.306152892562,FALSE
4620,WESTVIEW VILLAGE,3,NA,NA,NA,NA,NA,NA,NA,TRUE
4630,WHITE INDUSTRIAL,3,NA,NA,NA,NA,NA,NA,NA,TRUE
4650,WINTERBURN INDUSTRIAL AREA EAST,1,NA,NA,NA,NA,NA,NA,NA,TRUE
4670,WINTERBURN INDUSTRIAL AREA WEST,4,NA,NA,NA,NA,NA,NA,NA,TRUE
4700,BRECKENRIDGE GREENS,767,412215.1238591918,471500,146492.06888485837,2001,35.853976531942635,504446.13821138197,520.4646768292683,FALSE
4710,POTTER GREENS,572,600285.8391608392,596000,97157.40938507432,1997,17.132867132867133,604625.5274261604,797.7568776371309,FALSE
4720,GLASTONBURY,2509,419891.5902750126,439500,161962.849807987,2003,43.76245516141889,526988.3061658393,466.7469355067328,FALSE
4730,SUDER GREENS,1048,471042.4618320609,476500,130945.67273372241,2005,18.12977099236641,516434.73193473206,450.3661596736597,FALSE
4740,WEBBER GREENS,978,548730.5725971371,506750,143401.7170835735,2013,13.394683026584866,555406.1393152301,432.99021251475796,FALSE
4750,ROSENTHAL,2769,508847.23726977105,502000,352666.4320751722,2018,13.181654026724448,534622.9201331093,607.7805378535777,FALSE
5010,ALLENDALE,956,512088.3891213391,464000,181246.4313600495,1959,6.903765690376569,517115.7303370789,457.8878752808989,FALSE
5020,ASPEN GARDENS,687,628606.9868995638,621000,435935.8793932495,1966,20.232896652110625,748605.8394160583,652.182503649635,FALSE
5030,BEARSPAW,846,485061.4657210401,469000,144483.53565538966,1984,30.49645390070922,538187.9251700683,642.8386887755101,FALSE
5040,BELGRAVIA,1021,782997.0617042116,697500,435451.8061525918,1992,25.073457394711067,913495.424836601,640.206811764706,FALSE
5050,BLACKMUD CREEK RAVINE,2,NA,NA,NA,NA,NA,NA,NA,TRUE
5060,BLUE QUILL,1086,367824.5856353593,393000,189424.79833559922,1979,50.09208103130756,529785.0553505536,656.2640442804428,FALSE
5070,BLUE QUILL ESTATES,361,610296.3988919668,651500,315924.25158096984,1979,26.59279778393352,735037.7358490567,756.7757056603773,FALSE
5080,BRANDER GARDENS,893,414984.3225083983,231500,545754.0175059597,1973,64.05375139977603,788900.3115264793,1070.114953271028,FALSE
5090,BROOKSIDE,619,699582.3909531502,627000,417236.634367539,1971,0,699582.3909531502,829.2555525040389,FALSE
5100,BULYEA HEIGHTS,1283,701273.5775526109,690000,204748.73870619494,1990,16.913484021823848,751340.056285178,711.6185816135085,FALSE
5130,CARTER CREST,623,611823.4349919744,627000,181278.48740692317,1995,28.892455858747994,695150.1128668173,656.7214853273138,FALSE
5151,STRATHCONA JUNCTION,1,NA,NA,NA,NA,NA,NA,NA,TRUE
5160,DUGGAN,1202,440282.86189683835,465000,107565.93093485036,1971,10.232945091514143,469145.04170528264,623.7889564411493,FALSE
5170,EMPIRE PARK,997,206946.33901705124,173500,77635.66878315041,1983,86.15847542627884,369666.6666666666,434.84884782608697,FALSE
5180,ERMINESKIN,1508,275252.98408488056,239500,121750.2045185674,1982,77.05570291777188,449835.260115607,570.9134913294797,FALSE
5190,FALCONER HEIGHTS,612,565249.1830065357,585500,176710.44514466793,1997,25.98039215686275,639576.1589403974,639.6636843267108,FALSE
5200,GARNEAU,2103,378002.6153114605,320500,367438.019612445,1981,71.46932952924394,684365.8333333334,373.81453,FALSE
5210,GRANDVIEW HEIGHTS,386,1030682.6424870465,940500,513969.9972892566,1965,0,1030682.6424870465,794.508378238342,FALSE
5220,GREENFIELD,1393,502948.3129935388,503500,108195.05579980371,1967,0,502948.3129935388,599.2549174443647,FALSE
5230,HENDERSON ESTATES,623,795152.4879614761,709000,287121.22263071674,1990,3.6918138041733553,805860.8333333334,741.7581833333334,FALSE
5250,KEHEEWIN,1207,341989.2294946137,329000,173243.58291591957,1983,47.39022369511185,481236.22047244105,611.664325984252,FALSE
5260,LANSDOWNE,383,707950.3916449087,716500,315714.62218823296,1967,6.266318537859007,748466.573816156,764.5473454038997,FALSE
5270,LENDRUM PLACE,644,536400.62111801235,540000,179451.06655388657,1963,2.7950310559006213,548945.6869009584,584.2766661341853,FALSE
5280,MALMO PLAINS,757,459596.43328929954,478000,182548.93690615846,1965,13.0779392338177,493456.68693009124,582.7048130699088,FALSE
5290,MCKERNAN,919,686439.6082698584,609500,260785.21951417762,1965,4.243743199129488,694510.2272727273,482.9232784090909,FALSE
5300,OGILVIE RIDGE,363,770256.1983471076,759000,288758.318497545,1989,17.90633608815427,846956.3758389261,796.9350402684564,FALSE
5310,PARKALLEN,894,547587.2483221474,500250,265396.919450867,1954,14.093959731543624,595787.109375,553.87266796875,FALSE
5320,PLEASANTVIEW,1507,473412.74054412806,440500,330523.86662883504,1964,36.098208360982085,623611.6303219101,625.2292834890966,FALSE
5330,QUEEN ALEXANDRA,1456,388378.77747252793,376500,215946.60367470895,1978,48.96978021978022,533897.0390309552,440.03865141318977,FALSE
5340,RAMSAY HEIGHTS,1113,524995.5076370175,567000,248339.90087115022,1982,32.70440251572327,654098.1308411219,943.3335967957277,FALSE
5350,RHATIGAN RIDGE,1131,714556.1450044205,664500,226965.67161739783,1987,3.5366931918656057,726615.0320806596,735.7294564619615,FALSE
5360,RIDEAU PARK,549,337707.65027322434,431500,177189.917945854,1973,49.72677595628415,496067.0289855072,632.3731992753623,FALSE
5380,RIVER VALLEY TERWILLEGAR,10,NA,NA,NA,NA,NA,NA,NA,TRUE
5401,RIVER VALLEY FORT EDMONTON,7,NA,NA,NA,NA,NA,NA,NA,TRUE
5430,ROYAL GARDENS,1049,340032.8884652058,431000,155481.21899834045,1967,36.129647283126786,441632.089552239,571.8542492537314,FALSE
5451,RICHFORD,394,597837.5634517762,490500,478506.758387003,2012,64.46700507614213,812203.5714285716,1245.64345,FALSE
5452,MACEWAN,2393,347143.5436690356,357500,153416.4550226543,2005,47.80610112829085,475329.863891113,405.6052506004804,FALSE
5453,BLACKMUD CREEK,1003,531422.7318045859,557000,225591.20102909906,2003,25.324027916251246,619604.8064085454,525.2562323097463,FALSE
5454,RUTHERFORD,4422,405881.8407960166,402500,179719.01968769587,2006,45.838986883763006,527006.2630480167,433.4521611691023,FALSE
5456,HERITAGE VALLEY AREA,1,NA,NA,NA,NA,NA,NA,NA,TRUE
5457,CALLAGHAN,1089,541467.8604224081,466000,233532.15583300282,2011,36.17998163452709,650124.4604316544,485.3084517985612,FALSE
5458,ALLARD,2588,507374.6136012355,493000,219003.80196090994,2016,25.19319938176198,591107.6962809906,403.53198450413225,FALSE
5460,SKYRATTLER,937,240657.4172892212,193500,151252.79552036134,1979,78.65528281750267,500930,809.484435,FALSE
5463,DESROCHERS AREA,1296,516201.7746913579,513000,206953.1646154231,2020,8.024691358024691,531432.4664429529,449.79034228187936,FALSE
5465,HAYS RIDGE AREA,464,1052056.0344827573,1052000,443338.1070908832,2020,0,1052056.0344827573,2527.3728512931043,FALSE
5467,CAVANAGH,1258,553790.5405405413,521250,137616.67952410338,2020,4.451510333863275,559819.4675540759,382.5941688851913,FALSE
5468,GRAYDON HILL,504,500935.5158730163,460500,147712.83229154535,2018,26.984126984126984,544150.8152173914,387.513991847826,FALSE
5469,PAISLEY,1067,492534.2080599811,484000,128799.10583388254,2018,9.278350515463918,508068.6983471075,319.94273450413226,FALSE
5470,STEINHAUER,745,445751.6778523488,479000,121255.71187301478,1976,22.95302013422819,505001.74216027866,627.9110104529617,FALSE
5472,HERITAGE VALLEY TOWN CENTRE,15,NA,NA,NA,NA,NA,NA,NA,TRUE
5476,MAGRATH HEIGHTS,1635,724045.565749237,688500,389511.1311247799,2008,41.52905198776759,934143.8284518828,628.4027656903766,FALSE
5477,MACTAGGART,1293,651912.6063418422,680500,498995.8788339632,2011,51.35344160866203,1020780.6041335451,713.2526963434022,FALSE
5480,STRATHCONA,2978,393843.0154466106,301750,316864.5449696519,1973,58.52921423774345,618601.6194331978,403.1642615384615,FALSE
5490,SWEET GRASS,1003,345975.07477567496,265000,204904.54151775193,1977,55.1345962113659,555627.7777777778,714.8521844444444,FALSE
5505,AMBLESIDE,2565,477989.473684211,484000,226146.41828306273,2011,39.06432748538012,626245.0415866922,404.66996992962254,FALSE
5511,TWIN BROOKS,2325,593352.473118279,566500,234680.32088632375,1995,17.419354838709676,639709.375,624.5333281249999,FALSE
5565,WHITEMUD CREEK RAVINE TWIN BROOKS,5,NA,NA,NA,NA,NA,NA,NA,TRUE
5570,WINDERMERE,4732,716452.3457311854,578000,582899.9803811072,2013,24.936601859678785,864500.5630630632,773.7722818130627,FALSE
5571,RIVER VALLEY KENDAL,1,NA,NA,NA,NA,NA,NA,NA,TRUE
5572,RIVER VALLEY KESWICK,3,NA,NA,NA,NA,NA,NA,NA,TRUE
5573,KENDAL,4,NA,NA,NA,NA,NA,NA,NA,TRUE
5574,KESWICK,4022,595034.435604172,575500,380126.78858418093,2021,4.4256588761810045,591947.4505723249,474.8371521852246,FALSE
5578,GLENRIDDING HEIGHTS,1794,525589.1861761423,496250,154262.40623628686,2016,14.54849498327759,556399.5433789953,387.0617906066537,FALSE
5579,GLENRIDDING RAVINE,1738,598140.6789413115,601000,179317.9521207833,2022,0,598140.6789413115,472.15636881472955,FALSE
5580,WINDSOR PARK,551,1329565.335753178,1126500,735179.8186317937,1963,7.985480943738657,1398252.4654832354,843.8235483234714,FALSE
5590,BLACKBURNE,596,497604.0268456375,506500,164456.9241975854,1997,33.89261744966443,561352.7918781728,641.245078680203,FALSE
5610,HADDOW,1546,562728.0077619663,586750,224850.32112685632,2002,29.75420439844761,672574.1252302027,548.533561694291,FALSE
5620,HODGSON,977,595751.2794268181,580000,342005.4188420359,2004,38.3828045035824,786923.5880398668,567.7517325581396,FALSE
5630,LEGER,864,579020.8333333342,567000,129677.46165549991,2004,18.171296296296298,618828.8543140026,493.36573833097594,FALSE
5640,TERWILLEGAR TOWNE,2340,507436.75213675224,468500,233582.4827463881,2003,26.752136752136753,593333.7222870472,476.5702940490081,FALSE
5642,SOUTH TERWILLEGAR,3718,401601.6675632103,390500,185137.0490989353,2007,48.6013986013986,542818.4196755625,420.8898090005233,FALSE
6010,ARGYLL,336,511014.88095238095,485750,129948.4619492315,1955,0,511014.88095238095,555.2771190476191,FALSE
6020,AVONMORE,936,456878.2051282048,439500,148958.94390175366,1956,9.508547008547009,469739.0791027155,591.0944191263283,FALSE
6030,BISSET,989,394851.87057634,418500,108026.5634460289,1987,22.04246713852376,441774.9675745784,552.3571478599222,FALSE
6040,BONNIE DOON,1682,535178.0618311529,487750,286445.0029079699,1992,26.991676575505352,633975.5700325727,499.1382573289902,FALSE
6061,CAPILANO,1157,514073.4658599824,485500,193658.2425997361,1957,0,514073.4658599824,632.2593500432152,FALSE
6070,CLOVERDALE,479,508450.9394572023,427000,283457.4163744019,2003,61.16910229645094,749698.9247311827,410.3665322580645,FALSE
6140,CRAWFORD PLAINS,1387,378120.40374909894,399000,98965.37062723836,1981,16.58255227108868,414337.9429559205,565.6993076923077,FALSE
6150,DALY GROVE,1084,376432.195571956,404500,115979.5300911377,1980,21.217712177121772,426987.7049180329,569.7631569086651,FALSE
6195,SOUTH EDMONTON COMMON,2,NA,NA,NA,NA,NA,NA,NA,TRUE
6200,EKOTA,694,389293.9481268015,415000,102779.65078535059,1976,17.86743515850144,431071.9298245614,630.3413947368421,FALSE
6211,ELLERSLIE,2074,383009.64320154156,402500,172075.22461627627,2004,41.224686595949855,492944.21657095966,694.0395217391301,FALSE
6213,SUMMERSIDE,4962,566476.5215638856,518250,280582.22647254117,2011,17.7347843611447,628388.4125428705,446.5159634982852,FALSE
6214,ELLERSLIE INDUSTRIAL,7,NA,NA,NA,NA,NA,NA,NA,TRUE
6216,THE ORCHARDS AT ELLERSLIE,4138,494478.49202513235,492500,363414.16819798935,2020,12.276462058965684,514511.57024793426,578.0277203856748,FALSE
6230,FOREST HEIGHTS,1503,516137.39188290114,473000,198459.15248595475,1961,7.518296739853627,535103.597122302,537.1811316546763,FALSE
6240,FULTON PLACE,933,449470.5251875671,451000,139724.13977353202,1956,9.860664523043944,470309.15576694405,611.9210416171225,FALSE
6270,GOLD BAR,931,418631.0418904403,414500,117963.15495881771,1958,0,418631.0418904403,574.0003029001074,FALSE
6280,GREENVIEW,998,405636.2725450891,426000,131652.64228870862,1978,21.24248496993988,457459.923664122,636.6607480916031,FALSE
6290,HAZELDEAN,1099,507729.75432211073,461500,188333.77638381484,1956,5.7324840764331215,521402.50965250924,531.0046003861004,FALSE
6300,HILLVIEW,1086,390331.4917127068,411000,293729.41741869744,1978,26.427255985267035,459446.8085106379,626.3286107634543,FALSE
6310,HOLYROOD,1093,523526.5324794143,475000,184428.37072718088,1955,0.36596523330283626,523693.29660238756,626.4569467401285,FALSE
6320,IDYLWYLDE,684,404385.23391812865,402000,189460.96087776,1955,22.514619883040936,473170.7547169811,552.9254698113208,FALSE
6330,JACKSON HEIGHTS,1270,467218.11023622076,469500,102565.39586167481,1992,12.834645669291339,489708.2204155374,545.2069268292684,FALSE
6340,KAMEYOSEK,758,316953.82585751964,276000,458820.72127575235,1976,58.443271767810025,439001.58730158716,707.2024,FALSE
6350,KENILWORTH,995,434654.27135678404,435500,96931.42304738269,1964,0.20100502512562815,434751.76233635435,561.7334279959719,FALSE
6360,KING EDWARD PARK,1928,424317.6867219925,397000,275037.11186756974,1972,26.089211618257263,494541.40350877214,476.58684210526314,FALSE
6370,KINISKI GARDENS,2213,412800.4970628113,382500,124704.97583837085,1990,5.78400361500226,428100.4796163072,437.6968772182253,FALSE
6390,LARKSPUR,1985,390120.9068010109,434500,139801.69564070416,1999,38.94206549118388,485272.68976897694,529.5327169966996,FALSE
6400,LEE RIDGE,797,325615.43287327455,315500,117976.69996185266,1974,33.626097867001256,383231.5689981097,630.340011342155,FALSE
6410,MAPLE RIDGE,8,NA,NA,NA,NA,NA,NA,NA,TRUE
6420,MAPLE RIDGE INDUSTRIAL,7,NA,NA,NA,NA,NA,NA,NA,TRUE
6441,MAPLE,1655,531064.6525679759,488000,146446.28970769697,2018,2.8398791540785497,536639.3034825871,371.2578208955224,FALSE
6442,SILVER BERRY,2557,424465.3891278822,442500,122811.07732922288,2005,24.325381306218226,478512.1447028428,389.0820470284238,FALSE
6443,TAMARACK,1959,446298.1112812646,448500,144444.0690094897,2012,27.565084226646245,510337.56166314293,828.6694580690621,FALSE
6444,LAUREL,4275,553945.9649122809,517000,168626.1055045343,2016,9.192982456140351,575866.306027822,365.92612931478624,FALSE
6445,ASTER,1141,471570.5521472391,499500,394280.6758867056,2023,0,471570.5521472391,778.5431139351449,FALSE
6450,MENISA,870,426013.2183908052,430500,198893.85305935648,1977,11.264367816091953,455580.310880829,664.8527046632124,FALSE
6460,MEYOKUMIN,941,359682.784272051,379500,279513.86571838503,1979,30.818278427205104,423046.85099846387,578.8521889400921,FALSE
6470,MEYONOHK,1107,316806.6847335142,326500,174782.54929872372,1977,47.96747967479675,427649.30555555556,608.9132829861111,FALSE
6480,MICHAELS PARK,858,330972.61072261166,373500,124191.93940716494,1976,46.15384615384615,423630.95238095237,620.8101883116883,FALSE
6491,MILL CREEK RAVINE NORTH,3,NA,NA,NA,NA,NA,NA,NA,TRUE
6520,MILL WOODS TOWN CENTRE,482,167662.86307053946,165500,40129.97244787592,1995,100,NA,NA,FALSE
6530,MINCHAU,999,394758.2582582582,401000,92537.54515815282,1981,11.611611611611613,418184.5979614951,559.8901494903737,FALSE
6550,OTTEWELL,2357,427646.3725074258,448000,140339.8827245591,1962,6.067034365719135,449613.5953026201,567.5321987353207,FALSE
6580,POLLARD MEADOWS,1364,321940.61583577713,366500,129337.82251531348,1981,44.42815249266862,419741.4248021108,556.4996372031662,FALSE
6600,RICHFIELD,694,374534.5821325655,390250,482602.8360456964,1973,23.34293948126801,434847.74436090223,648.2814060150375,FALSE
6610,RITCHIE,1846,463289.5449620813,421750,252319.28195802728,1993,37.594799566630556,574813.8020833338,446.6782118055555,FALSE
6620,RIVER VALLEY GOLD BAR,2,NA,NA,NA,NA,NA,NA,NA,TRUE
6640,ROPER INDUSTRIAL,1,NA,NA,NA,NA,NA,NA,NA,TRUE
6661,CHARLESWORTH,2702,493217.06143597316,500250,167950.43536349817,2013,18.171724648408585,549090.2306648582,379.29435685210314,FALSE
6662,WALKER,4518,467639.7742363877,455500,164246.61762709607,2014,28.24258521469677,542634.0222085144,365.8430148056755,FALSE
6663,DECOTEAU,62,NA,NA,NA,NA,NA,NA,NA,TRUE
6667,MATTSON,389,417046.2724935741,215000,681093.6601410011,2024,14.652956298200515,440856.9277108423,3909.171457831325,FALSE
6668,MELTWATER,136,587551.4705882341,186500,1777546.4460040207,1976,0,587551.4705882341,12206.103867647062,FALSE
6669,ALCES,1178,430787.7758913459,387250,493913.1756706653,2025,0,430787.7758913459,1761.7555016977929,FALSE
6670,SAKAW,1213,372822.3413025558,385000,92381.90643961655,1980,16.24072547403133,403177.1653543307,565.6536988188976,FALSE
6680,SATOO,1202,374326.12312811986,397000,86165.9715562527,1975,23.294509151414307,413934.3817787419,601.924431670282,FALSE
6700,STRATHCONA INDUSTRIAL PARK,1,NA,NA,NA,NA,NA,NA,NA,TRUE
6710,STRATHEARN,666,574585.5855855856,477500,334841.8336563524,1955,6.006006006006006,601575.878594249,538.2289217252396,FALSE
6720,TAWA,867,260166.66666666672,249500,424219.13207320013,1993,99.88465974625143,12549500,13998.584,FALSE
6730,TERRACE HEIGHTS,655,403165.64885496127,443000,182411.83106304408,1960,16.18320610687023,459869.76320582884,549.1702805100182,FALSE
6750,TIPASKAN,812,319160.71428571426,381750,129863.7115281593,1978,42.610837438423644,424093.347639485,604.4577188841201,FALSE
6760,TWEDDLE PLACE,747,378279.1164658636,411500,102478.40977230095,1974,23.560910307898258,430146.23467600706,667.0743222416812,FALSE
6770,WEINLOS,1094,354377.056672761,370750,123056.05620240764,1982,20.109689213893965,402336.3844393593,507.0099725400458,FALSE
6780,WEIR INDUSTRIAL,1,NA,NA,NA,NA,NA,NA,NA,TRUE
6790,WILD ROSE,2476,478877.8271405486,479000,175224.02491138448,2002,18.820678513731824,534656.2189054734,489.6133845771146,FALSE
8885,EDMONTON SOUTH CENTRAL EAST,16,NA,NA,NA,NA,NA,NA,NA,TRUE
8886,EDMONTON SOUTH EAST,75,NA,NA,NA,NA,NA,NA,NA,TRUE
8887,EDMONTON SOUTH CENTRAL,69,NA,NA,NA,NA,NA,NA,NA,TRUE
8888,EDMONTON SOUTH WEST,47,NA,NA,NA,NA,NA,NA,NA,TRUE
8889,CROSSROADS,7,NA,NA,NA,NA,NA,NA,NA,TRUE
NA,ANTHONY HENDAY SOUTHEAST,17,NA,NA,NA,NA,NA,NA,NA,TRUE
NA,CHAPPELLE AREA,5533,482290.3488161936,473500,261383.38492765327,2017,9.759624073739381,501753.9555377511,460.9806296815542,FALSE
NA,HERITAGE VALLEY TOWN CENTRE AREA,577,269572.79029462714,183500,278638.0830473805,2014,72.61698440207972,432325.9493670884,1080.5763101265823,FALSE
NA,LEWIS FARMS INDUSTRIAL,27,NA,NA,NA,NA,NA,NA,NA,TRUE
NA,RAPPERSWIL,1121,511370.65120428184,499500,101046.15169222279,2014,0,511370.65120428184,409.5815129348796,FALSE
NA,RIVER VALLEY WINDEMERE,5,NA,NA,NA,NA,NA,NA,NA,TRUE
NA,SOUTHEAST (ANNEXED) INDUSTRIAL,2,NA,NA,NA,NA,NA,NA,NA,TRUE
NA,WESTBROOK ESTATE,339,1531231.563421828,1226000,964960.3068027955,1972,0,1531231.563421828,1216.0889675516225,FALSE
